Mode,ArtworkID,ArtworkTitle,Iteration,RetrievalTime(ms),GenerationTime(ms),JudgeTime(ms),TotalTime(ms),LlmJudgeScore(%),GeneratedText
"PROMPT_ONLY",7,"여민동행",1,0,4617,713,5330,90,"안녕하세요, 여러분! 오늘은 세종시 지역화폐 '여민전'을 활성화하기 위한 특별한 웹 서비스를 소개해드리려고 합니다.  이 작품은 세종시민과 소상공인을 위한 위치 기반 가맹점 안내 웹 서비스로, '여민전'의 사용을 촉진하여 지역 경제 활성화에 기여하고자 합니다. 이 서비스는 직관적인 지도 기반 UI를 통해 여민전을 사용할 수 있는 매장을 쉽게 확인할 수 있도록 도와줍니다. 뿐만 아니라 AI 기반 가맹점 추천과 가게 혜택 정보를 제공하여 세종시민들이 여민전을 더욱 쉽고 편리하게 이용할 수 있도록 도와줍니다.  이 작품의 목적은 세종시 지역화폐를 효율적으로 활용하여 지역 경제를 지원하는 것입니다. 또한, 이를 통해 세종시민들과 소상공인 간의 소통과 상호 협력을 촉진하여 지역사회의 발전에 이바지하고자 합니다.  이 작품의 장점은 사용자 친화적인 UI와 다양한 기능을 통해 여민전 사용을 촉진하는 데 큰 도움이 될 것이라는 점입니다. 또한, AI 기술을 활용하여 가맹점 추천을 제공함으로써 사용자들이 새로운 가맹점을 발견하고 다양한 혜택을 누릴 수 있도록 돕는다는 점도 매력적입니다.  그렇다면, 여러분들에게 질문을 하나 드리겠습니다. 여러분이 지역화폐를 사용할 때 어떤 기능이 도움이 될까요? 이 작품을 통해 세종시민과 소상공인 모두에게 큰 혜택이 될 수 있는 지에 대해 한번 고민해보시면 좋을 것 같습니다. 감사합니다."
"RAG",7,"여민동행",1,859,6771,648,8278,85,"안녕하세요, 여러분! 저희의 작품은 '여민동행'입니다. 이 작품은 세종시 지역화폐 '여민전'의 사용을 촉진하여 지역 경제를 활성화하는 것을 목표로 합니다.   '여민동행'은 위치 기반 가맹점 안내 웹 서비스로, 세종시민과 소상공인을 대상으로 하고 있습니다. 이 서비스는 직관적인 지도 기반 UI를 통해 여민전 사용 가능 매장을 쉽게 확인할 수 있도록 도와주며, AI 기반 가맹점 추천 및 가게 혜택 정보를 함께 제공합니다. 이를 통해 세종시민들의 여민전 사용을 활성화시키고 지역 경제를 지원하고자 합니다.  저희 프로젝트의 주요 특징은 지도 서비스 기반 가맹점 탐색, 날씨 및 사용자 패턴 기반 AI 가맹점 추천 기능, 그리고 가맹점 상세 정보(이벤트, 리뷰 등)를 연동한 서비스입니다. 이를 통해 사용자와 소상공인 모두에게 편의성과 혜택을 제공하고자 하였습니다.  유사한 작품으로는 '세종실록'과 '비연탐고'가 있습니다. '세종실록'은 웹 기반 3D, 360도 뷰, AR 기술을 활용한 지역 문화재 정보 및 체험 제공 서비스로, 문화유산을 현대적으로 체험할 수 있도록 돕습니다. '비연탐고'는 교육 박물관 VR 프로젝트로, 과거 문화유산을 찾는 모험을 담고 있습니다.  이 작품을 통해 세종시 지역화폐 '여민전'의 사용을 촉진하여 지역 경제를 활성화시키는 것을 목표로 하고 있습니다. 여러분은 이 작품을 통해 세종시의 다양한 가맹점 정보를 쉽게 확인하고 혜택을 누릴 수 있을 것입니다. 이 작품이 여러분의 일상에 어떤 영향을 줄 수 있을지 한번 상상해보시면 좋을 것 같습니다. 이 작품을 통해 여러분은 세종시의 다양한 가맹점을 더 잘 알게 되고 더 나은 소비 경험을 할 수 있을 것입니다. 함께 지역 경제를 활성화시키는 작은 한 발자국이 될 수 있습니다. 이에 대해 어떠신가요? 함께 토론해보시겠어요?"
"PROMPT_ONLY",7,"여민동행",2,0,5901,602,6503,85,"안녕하세요, 여러분! 오늘은 세종시 지역화폐 '여민전'을 활성화하기 위한 특별한 웹 서비스를 소개해드리려고 합니다. 이 작품은 지역 경제를 활성화하고 지역 주민들과 소상공인들을 연결하는데 주목한 것이 특징입니다.  이 작품은 세종시민과 소상공인을 주요 대상으로 삼아, 지도 기반의 직관적인 UI를 활용하여 '여민전'을 사용할 수 있는 가맹점을 손쉽게 찾을 수 있도록 도와줍니다. 뿐만 아니라, AI 기술을 활용하여 가맹점을 추천해주고, 가게에서 제공되는 혜택 정보까지 함께 제공함으로써 세종시민들이 '여민전'을 보다 활발히 사용할 수 있도록 도와줍니다.  이 작품의 가장 큰 장점은 지역 경제에 기여하면서도 주변 가게들과 소통을 촉진한다는 점입니다. 또한, 사용자 친화적인 UI와 AI 기술을 활용하여 효율적으로 가맹점을 찾을 수 있다는 점도 큰 장점이라고 할 수 있습니다.  이 작품을 통해 세종시민들은 지역 경제를 지원하고 소상공인들과 소통할 수 있는 기회를 갖게 될 것입니다. 여러분도 이 작품을 통해 세종시의 다양한 가맹점들을 쉽게 찾아보고 혜택을 누릴 수 있을 거예요.  그럼 여러분, 이 작품을 통해 지역 경제를 지원하고 소상공인들과 소통하는 즐거움을 느껴보시겠어요? 이 작품을 통해 새로운 가게를 발견하거나 다양한 혜택을 누릴 수 있습니다. 여러분이 궁금해하는 가맹점은 어디일까요? 함께 찾아보시면 더 많은 즐거움을 느낄 수 있을 거예요!"
"RAG",7,"여민동행",2,310,8209,492,9011,92,"안녕하세요, 여러분! 오늘은 '메타버스 아카데미 수료작품 전시회'에서 팀 201(팀이공일)의 작품인 '여민동행'을 소개해 드리겠습니다.  '여민동행'은 세종시 지역화폐 '여민전'의 사용을 촉진하여 지역 경제를 활성화하기 위한 위치 기반 가맹점 안내 웹 서비스입니다. 이 작품은 세종시민과 소상공인을 주요 대상으로 하며, 직관적인 지도 기반 UI를 통해 여민전 사용 가능 매장을 쉽게 확인할 수 있습니다. 또한 AI 기반 가맹점 추천 및 가게 혜택 정보를 함께 제공하여 세종시민들의 여민전 사용을 활성화하는 데 기여합니다.  이 작품은 기존의 여민전 앱 또는 웹에서 제공되지 않던 지도 기반 가맹점 탐색, AI 추천 기능, 가게 상세 정보 등의 서비스를 제공하여 사용자 경험을 혁신적으로 개선하였습니다. 또한 소상공인들에게는 온라인 홍보 효과와 매출 증대를 가져다 줄 수 있는 중요한 툴로 작용할 것입니다.  유사 작품으로는 HIVE 팀의 '세종실록'이나 매난국죽 팀의 '비연탐고'와 같이 지역 문화재 정보나 문화유산을 다루는 작품들이 있습니다. '여민동행'은 세종시의 현대적인 지역화폐 시스템을 활성화하는 데 중요한 역할을 합니다.  이 작품을 통해 세종시의 지역 경제를 활성화하고 소상공인들에게 새로운 홍보 수단을 제공하는 등 다양한 효과를 얻을 수 있습니다. 그렇다면, 여러분은 지역화폐를 활용한 지역 경제 활성화에 어떤 방안을 더 제안할 수 있을까요? 혹은 여민전을 활용한 새로운 혁신적인 아이디어가 있나요?  여민동행과 같은 프로젝트를 더욱 발전시키고 확장시키기 위해 우리가 생각해볼 수 있는 가능성에 대해 함께 고민해 보는 것은 어떨까요? 감사합니다. 함께하는 시간이 귀중하며 여러분의 참여를 기대합니다!"
"PROMPT_ONLY",7,"여민동행",3,0,3822,635,4457,85,"안녕하세요, 여러분! 오늘은 세종시 지역화폐 '여민전'을 활성화하기 위한 특별한 웹 서비스를 소개해드리겠습니다.  이 작품은 세종시민과 소상공인을 위해 만들어졌는데요, 위치 기반 가맹점 안내 웹 서비스를 통해 '여민전'의 사용을 더욱 편리하게 도와줍니다. 이 웹 서비스는 직관적인 지도 기반 UI를 통해 여민전을 사용할 수 있는 가맹점을 손쉽게 확인할 수 있게 해줍니다. 뿐만 아니라 AI 기반 가맹점 추천과 가게 혜택 정보도 함께 제공하여 세종시민들이 여민전을 더욱 적극적으로 활용할 수 있도록 도와줍니다.  이 작품의 목적은 지역 경제 활성화와 함께 세종시민들의 편의를 증진시키는 것입니다. '여민전'을 효율적으로 사용할 수 있는 환경을 조성하여 지역 사회에 활력을 불어넣고자 하는 취지가 담겨있습니다. 또한, 소상공인들에게도 더 많은 소비 기회를 제공하여 지역 상권 활성화에 기여하는 것도 이 작품의 장점 중 하나입니다.  그럼 이 작품이 여러분에게 물어볼 질문은요. 여러분이 지역화폐를 사용할 때 어떤 점이 불편했거나 개선되었으면 좋겠는가요? 이 웹 서비스를 통해 여민전을 더 쉽게 사용할 수 있다면, 여러분은 어떤 가맹점을 방문해보고 싶으신가요? 지역 경제 활성화와 소상공인 지원에 함께 참여하며 지역사회에 조금 더 가까이 다가갈 수 있는 기회가 될 것 같습니다. 감사합니다!"
"RAG",7,"여민동행",3,255,8442,410,9107,90,"안녕하세요, 여러분! 오늘은 '메타버스 아카데미 수료작품 전시회'에서 팀 201의 작품인 '여민동행'을 살펴보겠습니다.  '여민동행'은 세종시 지역화폐 '여민전'의 사용을 촉진하여 지역 경제를 활성화하는데 초점을 맞춘 작품입니다. 이 작품은 위치 기반 가맹점 안내 웹 서비스로, 세종시민들과 소상공인을 대상으로 직관적인 지도 기반 UI를 통해 여민전 사용 가능 매장을 쉽게 확인할 수 있도록 도와줍니다. 또한 AI를 활용하여 가맹점을 추천하고 가게의 혜택 정보를 제공함으로써 세종시민들의 여민전 사용을 활성화하는 역할을 합니다.  이 작품은 기존 여민전 앱 또는 웹의 부족한 정보 제공을 보완하고, 지도 기반 가맹점 탐색, AI 추천 기능, 가게 상세 정보 등의 서비스를 제공하여 사용자들에게 더 나은 경험을 제공합니다. 또한 이 작품을 통해 지역 경제 활성화를 이끌어내고, 소상공인들에게도 온라인 홍보 효과와 매출 상승을 기대할 수 있습니다.  유사 작품으로는 HIVE 팀의 '세종실록'과 매난국죽 팀의 '비연탐고'가 있습니다. '세종실록'은 지역 문화재 정보와 체험을 제공하는 웹 서비스로, 문화유산을 현대적으로 체험할 수 있도록 돕는 작품입니다. '비연탐고'는 교육 박물관 VR 프로젝트로, 과거 문화유산을 발굴하고 재조명하는 콘텐츠를 제공합니다.  이렇게 '여민동행'은 세종시의 지역화폐를 효과적으로 활용하여 지역 경제를 활성화하는 데 기여하는 작품입니다. 여러분은 어떻게 생각하시나요? 이 작품이 세종시민들과 소상공인들에게 어떤 영향을 줄 수 있을지, 함께 고민해보시면 좋을 것 같습니다. 감사합니다!"
"PROMPT_ONLY",7,"여민동행",4,0,7775,858,8633,92,"안녕하세요, 여러분! 이번 전시회에서 소개해드릴 작품은 세종시 지역화폐 '여민전'을 활성화시키는 데 주목한 작품입니다.  이 작품은 세종시 지역화폐 '여민전'의 사용을 촉진하기 위한 위치 기반 가맹점 안내 웹 서비스를 소개합니다. 이 서비스는 세종시민과 소상공인을 주요 대상으로 삼아, 직관적인 지도 기반 UI를 통해 여민전을 사용할 수 있는 매장을 쉽게 확인할 수 있도록 도와줍니다. 뿐만 아니라, AI 기반 가맹점 추천과 가게 혜택 정보도 함께 제공하여 세종시민들이 여민전을 더욱 쉽고 효율적으로 활용할 수 있도록 도와줍니다.  이 작품의 목적은 지역 경제 활성화와 소상공인의 발전을 돕는 데에 있습니다. '여민전'을 통해 지역 상권을 활성화시키고 지역 사랑을 촉진하는 데 큰 역할을 할 것으로 기대됩니다. 또한, 이 서비스를 통해 세종시민들은 다양한 혜택을 누릴 수 있어 더 나은 소비 문화를 만들어나갈 수 있을 것입니다.  이 작품은 현대적인 IT 기술을 활용하여 지역사회와 시민들을 연결하는 좋은 예시라고 할 수 있습니다. 여민전을 효과적으로 활용함으로써 지역 경제에 활력을 불어넣는 동시에, 디지털 시대에 발맞춘 서비스로 세종시민들에게 새로운 가치를 제공하는 것이 이 작품의 큰 장점입니다.  그럼, 이 작품이 여러분에게 어떤 느낌을 준다고 생각하시나요? 여러분도 소상공인과 지역사회 발전에 기여할 수 있는 방법이 있다면 무엇이 있을지 한번 생각해보시는 건 어떨까요? 함께 지역사회를 더욱 발전시키는 방법에 대해 고민해보는 것도 좋은 계기가 될 것입니다. 감사합니다!"
"RAG",7,"여민동행",4,336,7696,710,8742,92,"안녕하세요, 여러분! 저희는 2025기 팀이공일의 작품 '여민동행'을 소개해드리겠습니다. 이 작품은 세종시 지역화폐 '여민전'의 사용을 촉진하여 지역 경제를 활성화하기 위한 위치 기반 가맹점 안내 웹 서비스입니다.  '여민동행'은 세종시민과 소상공인을 주요 대상으로 하며, 직관적인 지도 기반 UI를 통해 여민전 사용 가능 매장을 쉽게 확인할 수 있습니다. 또한, AI 기반 가맹점 추천과 가게 혜택 정보를 함께 제공하여 세종시민들의 여민전 사용을 활성화시키는 데 주력하고 있습니다.  이 작품은 기존 여민전 앱이나 웹에서 제공되지 않는 서비스를 제공하는데, 지도 기반 가맹점 탐색, AI 추천 기능, 가게 상세 정보 등이 주요 기능으로 포함되어 있습니다. 이를 통해 사용자들은 편리하게 가게 정보를 확인하고 혜택을 누릴 수 있습니다.  유사 작품으로는 HIVE 팀의 '세종실록'이 있습니다. '세종실록'은 웹 기반 3D, 360도 뷰, AR 기술을 활용하여 지역 문화재 정보와 체험을 제공하는 웹 서비스로, 문화유산을 현대적인 체험 자원으로 활용합니다.  '여민동행'은 세종시의 지역 활성화와 경제 활성화를 위해 노력하는 작품으로, 사용자와 소상공인 양쪽에 이로운 효과를 가져다주고 있습니다. 이 작품이 세종시의 지역화폐 시스템과 연계되어 확장성을 가진다면 더 넓은 영향을 미칠 수 있을 것입니다.  이런 멋진 작품에 대해 궁금한 점이 있으신가요? 지역화폐 시스템을 활용한 서비스에 대해 어떤 생각을 가지시나요? 함께 이야기 나누며 더 깊이 이해해보시는 건 어떨까요? 감사합니다!"
"PROMPT_ONLY",7,"여민동행",5,0,5704,490,6194,85,"안녕하세요, 여러분! 저희 전시회에서는 세종시 지역화폐 '여민전'의 사용을 촉진하기 위한 흥미로운 작품을 소개해드리고 있습니다. 이 작품은 위치 기반 가맹점 안내 웹 서비스로, 세종시민과 소상공인을 주요 대상으로 합니다.  이 작품은 직관적인 지도 기반 UI를 통해 여민전을 사용할 수 있는 매장을 쉽게 확인할 수 있도록 도와줍니다. 뿐만 아니라, AI 기반 가맹점 추천과 가게 혜택 정보를 함께 제공하여 세종시민들이 여민전을 보다 활발하게 활용할 수 있도록 돕는 역할을 합니다.  이 작품은 세종시의 지역 경제를 활성화시키는 데 큰 도움이 될 것으로 기대됩니다. 여민전을 통해 지역 소상공인들이 더 많은 활기를 불어넣을 수 있고, 세종시민들끼리 지역 경제를 지속적으로 지원할 수 있는 좋은 기회가 될 것입니다.  이 작품을 통해 여러분은 세종시의 다양한 가맹점과 혜택을 쉽게 찾아볼 수 있을 뿐만 아니라, 지역 경제에 기여하는 작은 방법이라도 참여할 수 있는 기회를 얻게 될 것입니다. 여민전을 통해 세종시의 매력을 더욱 깊이 느껴보시기 바랍니다.  그럼 여러분, 이번 작품이 여러분에게 어떤 영감을 주는지 궁금하시지 않으신가요? 이 작품을 통해 세종시의 지역 화폐 시스템이 미래에 어떻게 발전해 나갈지 상상해 보시면서 새로운 아이디어를 얻어보는 것은 어떨까요? 함께 미래를 상상하며 새로운 가능성을 열어보는 것은 언제나 흥미진진한 여정이 될 것입니다. 즐거운 전시관람 되세요!"
"RAG",7,"여민동행",5,255,6077,450,6782,88,"안녕하세요, 여러분. '메타버스 아카데미 수료작품 전시회'에 오신 것을 환영합니다.  오늘 소개해 드릴 작품은 TEAM 201(팀이공일)의 작품 '여민동행'입니다. 이 작품은 세종시 지역화폐 '여민전‘의 사용을 촉진하여 지역 경제를 활성화하는 것을 목적으로 합니다. 이 작품은 위치 기반 가맹점 안내 웹 서비스로, 세종시민과 소상공인을 대상으로 직관적인 지도 기반 UI를 통해 여민전 사용 가능 매장을 쉽게 확인할 수 있도록 도와줍니다. 또한, AI 기반 가맹점 추천 및 가게 혜택 정보를 함께 제공하여 세종시민들의 여민전 사용을 활성화합니다.  이 작품은 기존의 여민전 시스템에서 제공되지 않았던 지도 기반 가맹점 탐색, AI 추천 기능, 가게 상세 정보 등을 제공하여 사용자들에게 편리함을 제공합니다. 또한, 이 작품은 지역 경제 활성화에 기여하고, 소상공인들에게도 여러 혜택을 제공하여 지역사회에 긍정적인 영향을 미칩니다.  유사한 맥락을 가진 다른 작품으로는 HIVE 팀의 '세종실록', 매난국죽 팀의 '비연탐고', 그리고 너울 팀의 'PLANTI'가 있습니다. 이들 작품도 각자가 특별한 방식으로 지역 문화나 자원을 활용하여 새로운 가치를 창출하고자 노력하고 있습니다.  이 작품이 세종시 지역 경제와 소상공인에 미치는 영향, 그리고 사용자들에게 제공하는 혜택을 고려할 때, 여러분은 이 작품이 어떤 방식으로 지역사회에 기여할 수 있는지 생각해보시면 좋을 것 같습니다. 그렇게 함으로써, 우리 모두가 지역 경제와 지역 문화에 대해 더 깊이 이해하고 상호작용할 수 있을 것입니다.  여러분은 '여민동행'과 같은 작품을 보고 나서, 지역사회에 기여할 수 있는 방법이 무엇인지 고민해보시면 어떨까요? 이 작품이 여러분에게 영감을 줄 수 있는 새로운 아이디어를 발견할 수 있기를 바랍니다. 감사합니다. 이상으로 '여민동행' 전시회 설명을 마치도록 하겠습니다. 문의사항이 있으시면 언제든지 말씀해주세요. 즐거운 전시회 되세요!"
"PROMPT_ONLY",8,"너의 목소리가 보여",1,0,4298,1979,6277,90,"안녕하세요, 여러분! 오늘은 '너목보'라는 작품을 살펴보도록 하겠습니다.  '너목보'는 인공지능 기반의 음성 및 영상 변조 사기를 방지하기 위한 딥보이스 탐지 모바일 서비스입니다. 이 작품은 사용자에게 딥보이스 사기 여부를 신속하게 확인할 수 있는 실용적이고 접근성 높은 솔루션을 제공합니다. 최근 음성 기반의 신종 사기 범죄가 급증하여 피해자들이 진실과 거짓을 신속하게 구별하기 어려워지고, 기존 대응 시스템의 한계로 피해를 막지 못하는 경우가 빈번히 발생하고 있습니다. 특히 딥보이스 기술의 악용으로 인한 범죄가 증가하면서, 사용자들은 더욱 큰 위험에 처해 있습니다.  '너목보'는 이러한 문제를 해결하기 위해 개발된 서비스로, 누구나 쉽고 빠르게 활용할 수 있는 딥보이스 탐지 기술을 통해 보다 안전한 환경을 제공합니다. 이 작품은 사용자들이 음성 및 영상 사기를 빠르게 식별하고 대응할 수 있도록 도와줍니다.  이 작품의 장점은 사용자들에게 쉽고 빠르게 접근할 수 있는 모바일 서비스로 제공된다는 점입니다. 또한, 딥보이스 기술을 활용하여 사기와 같은 범죄로부터 사용자들을 보호하는 역할을 합니다.  이 작품을 통해 우리는 어떻게 보다 안전한 디지털 세상을 만들어 갈 수 있을까요? '너목보'를 통해 우리는 어떤 새로운 안전 시스템을 구축할 수 있을까요? 함께 이 작품을 통해 미래의 디지털 환경을 논의해 보시기 바랍니다. 감사합니다!"
"RAG",8,"너의 목소리가 보여",1,271,4623,791,5685,85,"안녕하세요, 여러분! 저희는 Trouble Shooting 팀에서 개발한 작품 '너의 목소리가 보여'를 소개해 드리겠습니다. 이 작품은 딥보이스 탐지를 통해 인공지능 기반의 음성 및 영상 변조 사기를 방지하는 모바일 서비스입니다.  '너의 목소리가 보여'는 최근 급증하는 음성 기반의 사기 범죄에 대응하기 위해 개발되었어요. 사용자들이 신속하게 딥보이스 사기를 확인하고 피해를 최소화할 수 있도록 설계되었죠. 특히 딥보이스 기술의 악용으로 인한 범죄가 증가하면서, 이러한 문제를 해결하기 위해 빠르고 쉬운 솔루션을 제공하게 되었습니다.  이 작품의 특장점은 사용자 친화적인 인터페이스로 실용적이고 접근성 높은 경험을 제공한다는 점이에요. 또한, 실시간 경고 알림과 커뮤니티 정보 공유 기능을 통해 사용자들이 빠르게 대응할 수 있도록 돕는다는 것도 장점 중 하나죠.  유사한 작품으로는 AI를 활용한 다양한 사회 문제 해결을 목표로 하는 'PLANTI'와 'Echo' 등이 있습니다. 이들과 '너의 목소리가 보여'는 모두 AI 기술을 활용하여 현실적인 문제에 대응하고자 하는 공통된 목표를 갖고 있어요.  이 작품을 통해 어떤 상황에서 이용해보고 싶으신가요? 평소 음성 통화 혹은 거래 시에 안전을 더 높일 수 있는 방법을 찾고 계신가요? '너의 목소리가 보여'가 여러분에게 도움이 될 수 있는 다양한 상황을 생각해보며 관람하시면 더욱 흥미로우실 거에요. 감사합니다!"
"PROMPT_ONLY",8,"너의 목소리가 보여",2,0,6486,502,6988,90,"안녕하세요, 여러분! 오늘은 '메타버스 아카데미 수료작품 전시회'에서 소개하는 작품 '너목보'에 대해 함께 알아보도록 하겠습니다.  '너목보'는 인공지능 기반의 음성 및 영상 변조 사기를 방지하기 위한 딥보이스 탐지 모바일 서비스입니다. 이 작품은 사용자에게 딥보이스 사기 여부를 신속하게 확인할 수 있는 실용적이고 접근성 높은 솔루션을 제공합니다.  요즘 음성 기반의 신종 사기 범죄가 급증하면서, 피해자들이 진실과 거짓을 신속하게 구별하기 어려워지고 있습니다. 기존 대응 시스템의 한계로 인해 피해를 막지 못하는 경우가 빈번히 발생하고 있는데, 이런 상황에서 '너목보'는 중요한 역할을 할 수 있습니다. 특히 딥보이스 기술의 악용으로 인한 범죄가 증가하면서, 사용자들은 더욱 큰 위험에 처해 있습니다. 이러한 문제를 해결하기 위해 개발된 '너목보'는 누구나 쉽고 빠르게 활용할 수 있는 딥보이스 탐지 서비스로써 사용자들에게 큰 도움이 될 것입니다.  '너목보'는 딥러닝과 인공지능 기술을 활용하여 딥보이스를 탐지하고, 이를 통해 사용자들이 사기를 예방하고 안전을 지킬 수 있도록 도와줍니다. 이러한 혁신적인 기술은 현재의 문제를 해결하고 미래를 위한 방향을 제시하는 좋은 예시라고 할 수 있습니다.  그렇다면, 여러분은 딥보이스 사기에 대해 얼마나 경험이 있으신가요? '너목보'와 같은 서비스가 실제로 적용된다면 어떻게 활용하고 싶으신가요? 이 작품이 여러분의 삶에 미치는 영향에 대해 한번 고민해보시면 어떨까요? 함께하는 시간이 유익하고 즐거우시길 바라며, 감사합니다!"
"RAG",8,"너의 목소리가 보여",2,267,7854,1181,9302,95,"안녕하세요, 여러분. '메타버스 아카데미 수료작품 전시회'에 오신 것을 환영합니다. 오늘 소개해드릴 작품은 'Trouble Shooting' 팀의 작품인 '너의 목소리가 보여'입니다.  '너목보'는 인공지능 기반의 음성 및 영상 변조 사기를 탐지하는 딥보이스 탐지 모바일 서비스입니다. 현재 급증하는 음성 기반 사기 범죄로 인해 피해자들이 진실과 거짓을 신속하게 구별하기 어려워지고 있습니다. '너목보'는 이러한 문제를 해결하기 위해 사용자에게 신속하고 접근성 높은 솔루션을 제공합니다.  이 작품은 사용자 친화적인 인터페이스로 사용자가 쉽게 딥보이스 사기 여부를 확인할 수 있도록 설계되었으며, 실시간 경고 알림과 커뮤니티 정보 공유 기능을 포함하고 있습니다. 또한, 피해 예방과 위험 최소화를 위해 개발되었으며, 사용자가 통화 중 실시간으로 사기 여부를 확인할 수 있도록 지원합니다.  '너목보'의 주요 특징은 접근성이 높고 사용하기 쉽다는 점입니다. 누구나 간편하게 딥보이스 사기를 확인하고 피해를 최소화할 수 있도록 설계되었습니다. 또한, 사용자 간 정보 공유를 통해 2차 피해를 방지하고 안전한 통화 환경을 제공합니다.  이 작품은 주로 금융 서비스, 대출 상담, 거래 플랫폼 등 다양한 분야에서 활용될 수 있습니다. 특히 일상적인 통화나 중요한 거래 상황에서 사용자의 안전을 지키며, 정보를 공유할 수 있는 커뮤니티 기능을 통해 사기 예방 효과를 극대화할 수 있습니다.  유사 작품 맥락으로는 'PLANTI'와 'Echo'가 있습니다. 'PLANTI'는 세종시의 녹색미래를 그리는 AI융합 스마트팜으로, AI기술을 활용하여 스마트팜 시스템을 개발하는 것을 목표로 합니다. 'Echo'는 다양한 관점을 제공하는 AI 플랫폼으로, 비판적 사고와 창의적 사고를 촉진하는 토론형 AI 시스템을 구축하는 작품입니다.  이렇게 '너의 목소리가 보여'는 딥보이스 사기를 탐지하여 사용자를 보호하고 안전한 소통 환경을 조성하기 위한 솔루션으로 주목받을 것입니다. 여러분은 딥보이스 사기에 대해 어떻게 예방하고 대응할 수 있을지 고민해보시면 좋을 것 같습니다. 감사합니다."
"PROMPT_ONLY",8,"너의 목소리가 보여",3,0,6732,434,7166,92,"안녕하세요, 여러분! 오늘은 '너목보'라는 작품을 살펴보려고 합니다. '너목보'는 인공지능 기반의 음성 및 영상 변조 사기를 방지하기 위한 딥보이스 탐지 모바일 서비스입니다.  이 작품은 최근 급증하는 음성 기반의 신종 사기 범죄에 대응하여, 사용자들에게 신속하게 딥보이스 사기 여부를 확인할 수 있는 실용적이고 접근성 높은 솔루션을 제공합니다. 피해자들이 진실과 거짓을 빠르게 구별하기 어려운 상황에서, '너목보'는 이러한 문제를 해결하기 위한 솔루션으로 주목받고 있습니다.  특히 딥보이스 기술의 악용으로 인한 범죄가 증가하면서, 사용자들은 더 큰 위험에 노출되고 있는데, '너목보'는 이러한 위험을 줄이기 위한 중요한 역할을 합니다. 누구나 쉽고 빠르게 활용할 수 있는 딥보이스 탐지 서비스로, 사용자들의 안전과 보안을 지키는 데 도움을 주는 작품이죠.  이 작품을 통해 우리는 어떻게 사이버 범죄로부터 자신을 보호할 수 있는지에 대해 생각해 볼 수 있습니다. 그렇다면, 여러분은 자신의 개인정보를 어떻게 안전하게 보호하고 계시나요? '너목보'와 같은 기술이 우리의 삶에 미치는 영향에 대해 고민해 보시는 건 어떨까요? 함께 이야기를 나눠보면 더 풍요로운 관람 경험이 되실 거예요. 이제 작품을 더 자세히 살펴보시죠. 감사합니다!"
"RAG",8,"너의 목소리가 보여",3,280,7783,1879,9942,89,"안녕하세요, 여러분! 저희의 작품을 소개해드릴게요. 이번에 소개해 드릴 작품은 '너의 목소리가 보여'입니다. Trouble Shooting 팀에서 2025기로 개발한 이 작품은 딥보이스 탐지 모바일 서비스로, 인공지능 기반의 음성 및 영상 변조 사기를 방지하기 위해 설계되었습니다.  '너목보'는 사용자에게 딥보이스 사기 여부를 빠르게 확인할 수 있는 솔루션을 제공하여, 최근 급증하는 음성 기반의 사기 범죄에 대처할 수 있는 도구로서 개발되었습니다. 딥보이스 기술의 악용으로 인한 범죄가 증가하면서, 사용자들이 더 큰 위험에 노출되고 있기에 이러한 문제를 해결하기 위한 서비스로 탄생하게 되었습니다.  이 작품의 가장 큰 장점은 사용자에게 접근성이 높고 실용적인 딥보이스 사기 탐지 솔루션을 제공한다는 점입니다. 누구나 간편하게 사용할 수 있으며, 실시간으로 사기 여부를 확인할 수 있습니다. 또한, 사용자들 간의 정보 공유를 통해 사회적 안전망을 구축하고, 사기 피해를 최소화하는 데 기여할 수 있습니다.  유사 작품 맥락을 살펴보면, 'PLANTI'와 'Echo'는 AI 기술을 활용하여 각각 스마트팜과 사고 확장형 AI 플랫폼을 제공하며, 이러한 트렌드에 부합하는 '너목보'의 딥보이스 탐지 서비스가 눈에 띄게 연관되어 있음을 알 수 있습니다.  이 작품을 통해 우리는 어떤 음성 기반의 사기 범죄에 대해 어떻게 대처할 수 있는지 생각해 볼 수 있습니다. 이런 문제들을 해결하는데 어떤 방법을 사용하고 싶으신가요? 그리고 여러분이 이 작품을 통해 느낀 소감이 있으시다면, 공유해 주시면 감사하겠습니다. 감사합니다!"
"PROMPT_ONLY",8,"너의 목소리가 보여",4,0,5560,584,6144,85,"안녕하세요, 여러분! 오늘 소개해 드릴 작품은 '너목보'입니다. '너목보'는 인공지능 기반의 음성 및 영상 변조 사기를 방지하기 위한 딥보이스 탐지 모바일 서비스로, 사용자에게 딥보이스 사기 여부를 신속하게 확인할 수 있는 솔루션을 제공합니다.  요즘 음성 기반의 사기 범죄가 급증하면서 피해자들이 진실과 거짓을 신속하게 구별하기 어려워지고, 기존 대응 시스템의 한계로 피해를 막지 못하는 경우가 빈번히 발생하고 있습니다. 특히 딥보이스 기술의 악용으로 인한 범죄가 증가하면서, 사용자들은 더 큰 위험에 처해 있습니다. '너목보'는 이러한 문제를 해결하기 위해 누구나 쉽고 빠르게 활용할 수 있는 딥보이스 탐지 서비스를 개발하였습니다.  '너목보'는 실용적이고 접근성 높은 솔루션으로, 사용자들이 딥보이스 사기를 신속하게 확인하고 예방할 수 있도록 도와줍니다. 이 작품은 현대 사회에서 발생하는 음성 기반 범죄에 대한 대응을 강화하고, 안전한 디지털 환경을 조성하는 데 큰 도움이 될 것입니다.  그렇다면, 여러분도 음성 기반의 범죄가 늘어나는 현대 사회에서 안전한 소통을 위해 '너목보'와 같은 딥보이스 탐지 서비스가 필요하다고 생각하시나요? 이 작품이 우리 사회에 미치는 영향에 대해 한번 고민해 보시면 좋을 것 같습니다. 감사합니다."
"RAG",8,"너의 목소리가 보여",4,322,6696,604,7622,88,"안녕하세요, 여러분! '메타버스 아카데미 수료작품 전시회'에 오신 것을 환영합니다. 오늘은 Trouble Shooting 팀의 작품 '너의 목소리가 보여'를 함께 살펴보겠습니다.  이 작품은 딥보이스 사기를 방지하기 위한 딥보이스 탐지 모바일 서비스인 '너목보'를 소개합니다. 최근 급증하는 음성 기반의 사기 범죄로부터 사용자를 보호하기 위해 실용적이고 쉽게 접근할 수 있는 솔루션을 제공합니다. 딥보이스 기술의 악용으로 인한 범죄가 증가하면서, 이러한 문제를 해결하기 위해 개발된 서비스입니다.  '너목보'는 인공지능 기술을 활용하여 사용자에게 딥보이스 사기 여부를 빠르게 확인할 수 있도록 도와줍니다. 실시간 경고 알림과 커뮤니티 정보 공유 기능을 통해 사용자들이 안전하게 통화를 이어나갈 수 있도록 지원합니다.  이 작품은 사용자 친화적인 인터페이스와 접근성이 뛰어나며, 피해 예방과 정보 공유를 통해 안전한 소통 환경을 조성합니다. 이를 통해 개인 사용자는 딥보이스 사기로부터 더욱 안전하게 보호받을 수 있습니다.  이와 유사한 맥락으로는 다양한 AI 기술을 활용한 혁신적인 서비스들이 등장하고 있습니다. PLANTI팀의 'PLANTI'는 세종시의 녹색미래를 그리는 AI융합 스마트팜 서비스로, 생활 속에서 AI와 IoT가 결합된 사례를 제시하고 있습니다.  마지막으로, 여러분에게 질문을 드리겠습니다. 딥보이스 사기와 같은 사이버 범죄에 대해 얼마나 익숙하신가요? 본인을 보호하기 위한 방법을 어떻게 고려하고 계신가요? 이러한 문제에 대한 개인적인 생각을 공유해보는 것은 더 나은 디지털 세상을 위한 첫걸음이 될 것입니다. 감사합니다."
"PROMPT_ONLY",8,"너의 목소리가 보여",5,0,5326,398,5724,85,"안녕하세요, 여러분. 오늘은 '너목보'라는 인공지능 기반의 음성 및 영상 변조 사기를 방지하는 딥보이스 탐지 모바일 서비스에 대해 소개해 드리겠습니다.  '너목보'는 최근 급증하는 음성 기반의 사기 범죄에 대응하기 위해 개발된 서비스로, 사용자들에게 신속하고 쉽게 딥보이스 사기 여부를 확인할 수 있는 솔루션을 제공합니다. 이러한 사기 범죄로 인해 진실과 거짓을 구별하기 어려워지고, 기존 대응 시스템의 한계로 인해 피해자들이 더 이상 피해를 막지 못하는 상황이 발생하고 있습니다.  딥보이스 기술의 악용으로 인한 범죄가 더욱 증가하면서, 사용자들은 더 큰 위험에 노출되고 있습니다. 이에 '너목보'는 누구나 손쉽게 활용할 수 있는 딥보이스 탐지 서비스를 제공하여 이러한 문제를 해결하고자 합니다.  이 서비스를 통해 사용자들은 사기 여부를 빠르게 확인할 수 있어 안전과 신뢰를 높일 수 있습니다. 또한, 신속한 대처를 통해 피해를 최소화할 수 있어 보다 안전한 온라인 환경을 조성할 수 있게 됩니다.  그렇다면, 여러분도 딥보이스 사기에 대해 얼마나 알고 계신가요? '너목보'와 같은 서비스가 우리의 일상을 어떻게 변화시킬 수 있을지 고민해보시면 좋을 것 같습니다. 함께 더 안전한 디지털 세상을 만들어가는 노력에 참여해 보시는 건 어떨까요? 감사합니다."
"RAG",8,"너의 목소리가 보여",5,314,8559,584,9457,90,"안녕하세요, 여러분. 저희의 작품은 '너의 목소리가 보여'입니다. Trouble Shooting 팀이 개발한 이 작품은 딥보이스 탐지 모바일 서비스로, 인공지능을 활용하여 음성 및 영상 변조 사기를 신속하게 탐지하는 솔루션을 제공합니다.  요즘 음성 기반 사기 범죄가 늘어나면서 피해자들이 진실과 거짓을 판별하기 어려워지고, 기존 대응 시스템의 한계로 피해를 막지 못하는 경우가 자주 발생하고 있습니다. 특히 딥보이스 기술의 악용으로 인한 범죄가 더욱 증가함에 따라, 사용자들은 더 큰 위험에 노출되어 있습니다. '너목보'는 이러한 문제를 해결하기 위해 누구나 쉽고 빠르게 활용할 수 있는 딥보이스 탐지 서비스를 개발하게 되었습니다.  이 작품의 주요 특징은 사용자 친화적인 인터페이스를 통해 접근성을 높이고, 사용자가 딥보이스 사기 여부를 빠르게 확인할 수 있도록 돕는 것입니다. 또한, 실시간 경고 알림과 커뮤니티 정보 공유 기능을 통해 사용자가 신속하게 대응할 수 있도록 지원합니다.  유사 작품 맥락으로는 AI를 활용한 혁신적인 서비스들이 많이 등장하고 있습니다. 예를 들어, AI를 활용한 스마트팜 시스템 'PLANTI'나 창의적 사고를 촉진하는 AI 플랫폼 'Echo' 등이 있습니다.  이 작품은 사용자들에게 사기 피해를 예방하고 안전을 도모하는 데에 큰 도움을 줄 것으로 기대됩니다. 사용자들이 통화 중에도 실시간으로 사기 여부를 확인하고, 정보를 공유하여 2차 피해를 방지할 수 있는 커뮤니티 기능을 제공합니다.  관람객 여러분, 이 작품이 여러분의 일상 속에서 어떤 영향을 줄 수 있는지, 혹은 어떻게 활용할 수 있는지 고민해보시면 좋을 것 같습니다. 이 작품이 현실 세계에서 우리의 안전과 보안에 어떤 영향을 미칠지, 한 번 생각해보시는 건 어떨까요?"
"PROMPT_ONLY",9,"Kick Off",1,0,5812,457,6269,85,"안녕하세요, 지금부터 '풋살 유저를 위한 자동 팀 추천 커뮤니티 플랫폼' 작품을 소개해드리겠습니다.  이 작품은 풋살을 즐기는 유저들을 위해 편의성과 매칭 효율성을 높이는 자동 팀 추천 커뮤니티 플랫폼으로, 수치 기반 실력 비교 시스템을 통해 매칭 효율성을 향상시키고, AI 기반 사용자 맞춤 추천 시스템을 통해 확장 가능성을 확보하고자 합니다.  이 작품은 풋살 유저들이 더 나은 게임 경험을 할 수 있도록 도와주는 것을 목적으로 하고 있습니다. 풋살을 즐기는 사람들에게는 적합한 팀원들과 함께 게임을 즐길 수 있는 기회를 제공하여 더욱 즐거운 경기를 할 수 있습니다. 또한, AI 기술을 활용하여 사용자에게 최적화된 팀원을 추천해줌으로써 게임 플레이의 만족도를 높일 수 있습니다.  이 작품의 장점은 사용자들이 자신의 실력과 선호도에 맞는 팀원들을 빠르게 찾을 수 있다는 점입니다. 또한, AI 기술을 활용하여 더욱 정확하고 신속하게 매칭을 제공함으로써 유저들의 시간과 노력을 절약할 수 있습니다.  이 작품을 통해 풋살을 즐기는 유저들은 더욱 즐거운 게임 경험을 할 수 있을 것입니다. 그렇다면, 여러분은 만약 이러한 자동 팀 추천 시스템을 이용할 수 있다면, 어떤 점이 가장 유용하게 느껴지시나요? 새로운 팀원들과의 만남으로 더욱 풍부해진 게임 경험을 기대하시나요? 함께 고민해보는 것도 재미있을 것 같네요. 감사합니다."
"RAG",9,"Kick Off",1,282,6018,470,6770,85,"안녕하세요, 여러분! 저희는 Beaver 팀에서 개발한 작품 'Kick Off'을 소개해드리겠습니다.  'Kick Off'은 풋살 유저들을 위한 자동 팀 추천 커뮤니티 플랫폼으로, 사용자의 실력, 경기 성향, 지역 등을 고려하여 최적의 팀을 추천해주어 매칭의 편의성을 높이고 원활한 팀 구성을 지원합니다. 이를 통해 풋살 참가의 문턱을 낮추고 보다 공정하고 효율적인 팀 구성을 가능하게 합니다.  이 작품은 풋살 커뮤니티에서의 매칭 문제를 혁신적으로 해결하고자 개발되었습니다. 기존 풋살 플랫폼에서의 수동 필터링의 번거로움과 비효율적인 매칭을 개선하고, 사용자의 실력과 선호도를 분석해 자동으로 적합한 팀을 추천하여 풋살 참여를 더욱 편리하고 즐겁게 만들어줍니다. 게시판 기능을 통해 팀 일정 관리, 경기 결과 기록, 용품 거래 등을 지원하여 풋살 커뮤니티를 활성화합니다.  유사한 맥락으로는 해양천체관측소 팀의 'Codename: Peace Maker'와 같이 AI를 활용해 사회성 향상을 위한 교육용 게이미피케이션 서비스를 개발하는 작품이 있습니다. 또한 Abora 팀의 'Echo'와 같이 다양한 관점을 제공하고 사고 확장을 도와주는 AI 플랫폼도 있습니다.  'Kick Off'은 풋살을 즐기는 많은 분들에게 도움이 될 것입니다. 여러분도 자신의 실력과 선호도에 맞는 팀을 손쉽게 찾아보고 함께 즐겁게 풋살을 즐겨보세요! 관람객 여러분, 'Kick Off'을 통해 어떤 식으로 풋살 경기에 참여하고 싶으신가요? 함께 팀을 구성하고 경기를 즐기는 즐거움을 느껴보시기 바랍니다. 감사합니다!"
"PROMPT_ONLY",9,"Kick Off",2,0,5272,394,5666,75,"안녕하세요, 여러분! 오늘 소개해드릴 작품은 '풋살 유저를 위한 자동 팀 추천 커뮤니티 플랫폼'입니다. 이 작품은 풋살을 즐기는 유저들에게 편의성과 매칭 효율성을 높이기 위해 만들어졌습니다.  이 작품의 주요 목적은 먼저, 수치 기반 실력 비교 시스템을 통해 매칭 효율성을 향상시키는 것입니다. 이를 통해 풋살을 즐기는 유저들이 보다 적합한 상대팀과 경기를 즐길 수 있게 됩니다. 또한, AI 기반 사용자 맞춤 추천 시스템을 확장하여, 사용자들이 자신에게 맞는 팀원을 빠르게 찾을 수 있는 기회를 제공하고자 합니다.  이 작품의 장점은 사용자들이 더욱 원활하고 즐거운 풋살 경험을 할 수 있도록 돕는다는 점입니다. 매칭 과정이 효율적으로 이루어짐으로써, 유저들은 보다 공정하고 즐거운 게임을 즐길 수 있습니다. 또한, AI 기반 추천 시스템을 통해 사용자들이 새로운 동료를 만나고 함께 풋살을 즐길 수 있는 가능성이 확대됩니다.  마지막으로, 여러분도 한 번 상상해보세요. 만약 당신이 이 자동 팀 추천 커뮤니티 플랫폼을 통해 더 즐거운 풋살 경험을 할 수 있다면 어떨까요? 자신에게 맞는 팀원들과 함께 팀을 이루어 게임을 즐기는 쾌감, 그리고 새로운 동료들과의 소중한 만남까지! 이 작품이 제시하는 가능성에 대해 한 번 상상해보시고, 이 작품이 여러분에게 어떤 의미가 될 수 있는지 고민해보시기 바랍니다. 감사합니다!"
"RAG",9,"Kick Off",2,250,9258,442,9950,85,"안녕하세요, 여러분! 저희는 Beaver 팀에서 개발한 작품인 'Kick Off'을 소개해드리겠습니다.  'Kick Off'은 풋살 유저들을 위한 자동 팀 추천 커뮤니티 플랫폼으로, 사용자의 실력, 경기 성향, 지역 등을 기반으로 자동으로 최적의 팀을 추천해주어 매칭의 편의성을 높이고 팀 구성을 지원합니다. 또한, 장터 게시판을 도입하여 사용자들이 필요한 용품을 쉽게 구매하고 판매할 수 있도록 지원합니다. 이를 통해 풋살 참여의 문턱을 낮추고 팀 활동을 체계적으로 지원하며, 풋살 커뮤니티를 활성화하는 데 기여합니다.  'Kick Off'은 기존 풋살 플랫폼의 문제점을 해결하기 위해 개발되었습니다. 기존 플랫폼에서는 수동 필터링이 번거로워 사용자가 직접 조건을 필터링해야 했고, 매칭이 비효율적이었으며, 제재 시스템과 장터 기능이 부재했습니다. 이에 'Kick Off'은 자동 팀 추천 시스템과 장터 게시판을 통해 이러한 문제를 해결하고자 합니다.  유사 작품으로는 AI를 활용한 사회성 향상을 위한 교육용 게이미피케이션 서비스나 다양한 관점을 제공하는 사고 확장형 AI 플랫폼이 있습니다. 이러한 유사한 맥락에서 'Kick Off'은 풋살 유저들의 편의성과 매칭 효율성을 높이는 데 주력하고 있습니다.  이렇게 'Kick Off'은 풋살 커뮤니티를 더욱 활성화시키고 팀 구성을 보다 효율적으로 돕는 플랫폼으로, 풋살을 즐기는 사용자들에게 새로운 경험과 편의성을 제공합니다. 이 작품을 통해 풋살을 더욱 다양하고 즐거운 경험으로 만들어보시는 건 어떨까요? 관람객 여러분, 'Kick Off'이 여러분에게 어떤 새로운 가능성을 열어줄지 한번 상상해보시면 어떨까요? 이와 관련해서 궁금하신 점이 있으시면 언제든지 물어봐주시기 바랍니다. 감사합니다!"
"PROMPT_ONLY",9,"Kick Off",3,0,6554,716,7270,60,"안녕하세요, 여러분! 오늘은 풋살 유저들을 위한 혁신적인 팀 매칭 플랫폼을 소개해드리려고 합니다. 이 작품은 풋살 유저들의 편의성과 매칭 효율성을 높이는 데 초점을 맞추고 있습니다.  이 작품은 수치 기반 실력 비교 시스템을 활용하여 매칭 효율성을 향상시키는데 주력하고 있습니다. 풋살을 즐기는 분들이 자신의 실력을 정확하게 파악하고, 이에 맞는 팀원들과 함께 플레이할 수 있도록 돕는 것이 목적입니다. 이를 통해 풋살을 즐기는 모든 분들이 더욱 만족스러운 경기를 즐길 수 있게 될 것입니다.  뿐만 아니라, 이 작품은 AI 기반 사용자 맞춤 추천 시스템을 확장 가능성을 고려하여 설계되었습니다. 사용자들의 취향과 실력에 맞게 팀을 추천해주는 시스템을 도입함으로써, 더욱 다양한 유저들이 참여하고 풋살 커뮤니티가 더욱 활성화될 것입니다.  이 작품은 풋살을 즐기는 분들에게 새로운 경험과 만족감을 선사할 것입니다. 팀원들과의 조화로운 매칭을 통해 더욱 즐거운 게임을 즐길 수 있게 될 것이며, AI 기술의 활용으로 더욱 효율적인 매칭이 가능해질 것입니다.  그럼, 여러분들도 이 작품을 통해 풋살 경기를 더욱 흥미롭게 즐길 수 있을 거예요! 이 작품을 통해 어떤 변화를 느끼게 될지, 함께 상상해보시는 건 어떨까요? 함께 즐거운 풋살 경기를 즐기는 모습을 상상해보며, 이 작품이 여러분에게 미칠 영향에 대해 고민해보시는 건 어떨까요? 함께 새로운 풋살 경험을 만들어보는 건 어떨까요?"
"RAG",9,"Kick Off",3,258,7502,607,8367,85,"안녕하세요, 여러분! 오늘은 'Kick Off'라는 작품을 만날 기회가 있어서 정말 기쁩니다. 이 작품은 Beaver 팀이 2025기에서 개발한 풋살 유저를 위한 자동 팀 추천 커뮤니티 플랫폼입니다.  'Kick Off'은 풋살 플레이어들을 위한 팀 매칭과 커뮤니티 기능을 제공하여, 사용자들이 더 쉽고 원활하게 팀을 구성하고 경기에 참여할 수 있도록 돕습니다. 이 작품은 수치 기반의 실력 비교 시스템을 활용하여 매칭 효율성을 높이고, AI 기반 사용자 맞춤 추천 시스템을 통해 확장 가능성을 확보하고 있습니다.  비슷한 맥락을 가진 다른 작품들도 있습니다. 예를 들어, 해양천체관측소 팀의 'Codename: Peace Maker'는 AI를 활용하여 아동의 사회성 향상을 위한 게이미피케이션 서비스를 제공하고 있습니다. Abora 팀의 'Echo'는 사용자에게 다양한 관점을 제공하여 사고를 확장시키는 AI 플랫폼을 개발하고 있습니다.  'Kick Off'의 장점은 사용자의 실력, 경기 성향, 지역 등을 고려한 자동 팀 추천 시스템을 통해 매칭의 편의성을 높이고, 장터 게시판을 도입하여 사용자들이 필요한 용품을 쉽게 구매하고 판매할 수 있도록 지원한다는 점입니다.  여러분, 이 작품을 통해 풋살 경기에 참여하는 즐거움을 더욱 향상시킬 수 있을 것입니다. 이 작품을 통해 팀원들과의 소통과 협업이 더욱 원활해질 것입니다. 그렇다면, 여러분은 어떤 용품이 필요한지 생각해보시고 'Kick Off'의 장터 게시판을 통해 용품을 구매하거나 판매해보는 건 어떨까요? 함께 풋살을 더 즐겁게 즐기는 방법을 찾아보는 것도 좋을 것 같습니다. 즐거운 전시 관람 되세요!"
"PROMPT_ONLY",9,"Kick Off",4,0,4648,441,5089,90,"안녕하세요, 여러분! 오늘 소개해드릴 작품은 '풋살 유저를 위한 자동 팀 추천 커뮤니티 플랫폼'입니다. 이 작품은 풋살을 즐기는 유저들에게 더 나은 경험을 제공하기 위해 설계되었습니다.  이 작품은 먼저 풋살 유저들의 편의성을 높이기 위해 자동 팀 추천 시스템을 도입했습니다. 이를 통해 풋살을 즐기는 사람들이 손쉽게 팀을 구성할 수 있고, 매칭 효율성을 높일 수 있습니다. 또한, 수치 기반 실력 비교 시스템을 활용하여 더 공정하고 정확한 매칭이 이루어지도록 노력했습니다.  뿐만 아니라, 이 작품은 AI 기술을 활용하여 사용자에게 맞춤형 추천을 제공합니다. 사용자들의 풋살 경험을 분석하고 학습함으로써, 더욱 정확하고 유용한 팀원 추천을 제공할 수 있습니다. 이러한 AI 기반 추천 시스템을 통해 풋살 유저들은 자신과 잘 맞는 팀원들을 더 쉽게 찾을 수 있게 되었습니다.  이 작품의 목적은 풋살을 즐기는 사람들에게 더 나은 매칭 경험과 팀 구성을 제공하는 것입니다. 풋살은 팀 플레이가 중요한 스포츠이기 때문에, 올바른 팀원과의 매칭은 게임의 품질을 높일 수 있는 중요한 요소입니다.  그렇다면 여러분은 풋살을 즐기시나요? 만약 있다면, 어떤 팀원들과 함께 풋살을 즐기는 것이 가장 즐겁고 효율적일까요? 이 작품이 여러분의 풋살 경험을 어떻게 더 풍부하고 유익하게 만들어줄 수 있을지 한번 고민해보시면 좋을 것 같습니다. 감사합니다!"
"RAG",9,"Kick Off",4,241,6653,525,7419,90,"안녕하세요, 여러분! 오늘은 'Kick Off'라는 작품을 살펴보겠습니다. 이 작품은 Beaver 팀이 개발한 풋살 유저를 위한 자동 팀 추천 커뮤니티 플랫폼입니다. 이 작품은 풋살 유저들의 편의성과 매칭 효율성을 높이는 것을 목표로 하고 있어요.  'Kick Off'는 사용자의 실력, 경기 성향, 지역 등을 기반으로 자동으로 최적의 팀을 추천해주어 매칭의 편의성을 높이고 원활한 팀 구성을 지원합니다. 또한, 장터 게시판을 도입하여 사용자들이 필요한 용품을 쉽게 구매하고 판매할 수 있도록 지원하고 있어요.  이 작품은 사용자들이 풋살에 참여하는 문턱을 낮추고 보다 공정하고 효율적인 팀 구성을 가능하게 합니다. 또한, 팀 일정 관리, 경기 결과 기록, 팀 내 소통을 위한 전용 페이지를 제공하여 팀 활동을 체계적으로 지원하고, 정보 공유와 용품 거래가 가능한 게시판 기능을 통해 풋살 커뮤니티를 활성화합니다.  유사 작품으로는 'Codename: Peace Maker'와 같이 AI를 활용하여 팀 구성이나 커뮤니티 형성에 도움을 주는 작품들이 있어요. 이러한 작품들은 사용자들의 편의성과 소통을 강화하는 데 큰 역할을 합니다.  이제 여러분들께 질문을 드릴게요. 풋살을 즐기시는 분들 중에서 매칭이나 팀 구성에 어려움을 겪어보신 적이 있으신가요? 'Kick Off'와 같은 자동 팀 추천 시스템이 있다면 어떤 점이 도움이 될 것 같나요? 이 작품을 통해 풋살을 더욱 즐겁고 효율적으로 즐길 수 있게 될 것입니다. 감사합니다!"
"PROMPT_ONLY",9,"Kick Off",5,0,4904,587,5491,60,"안녕하세요, 여러분! 저희 전시회에 오신 것을 환영합니다.  이번 작품은 풋살 유저들을 위한 혁신적인 팀 매칭 플랫폼을 소개합니다. 이 작품은 풋살을 즐기시는 분들께 편의성과 매칭 효율성을 높이는 것을 목표로 개발되었습니다.  이 작품의 주요 기능은 무엇일까요? 바로 자동 팀 추천 기능입니다. 수치 기반의 실력 비교 시스템을 통해 사용자들의 실력을 분석하고, 이를 바탕으로 최적의 팀을 추천해줍니다. 이를 통해 매칭의 효율성을 높이고, 사용자들이 보다 즐겁고 효율적으로 게임을 즐길 수 있도록 도와줍니다.  또한, 이 플랫폼은 AI 기반의 사용자 맞춤 추천 시스템을 확장 가능성을 염두에 두고 개발되었습니다. 사용자들의 선호도와 스타일을 분석하여, 맞춤형 팀을 제안하고 사용자 경험을 더욱 향상시킵니다.  이 작품은 풋살 유저들에게 혁신적인 경험을 제공하며, 게임을 더욱 효율적으로 즐길 수 있는 기회를 제공합니다. 또한, AI 기술을 활용하여 사용자들의 만족도를 높이는 데에 초점을 맞추고 있습니다.  그럼, 이 작품이 여러분에게 어떤 점이 흥미로우셨나요? 자동 팀 추천 시스템의 편리함이었을까요, 아니면 AI 기반의 맞춤형 추천 시스템의 혁신적인 기술에 매료되셨을까요? 이 작품이 여러분에게 어떤 영감을 주는지, 한 번 고민해보시고 느끼신 점이 있다면 저희에게 공유해주시면 정말 좋을 것 같습니다. 감사합니다!"
"RAG",9,"Kick Off",5,314,6575,434,7323,90,"안녕하세요, 여러분! 오늘은 'Kick Off'라는 작품을 살펴보겠습니다. 이 작품은 Beaver 팀이 2025기에 제작한 작품으로, 풋살 유저들을 위한 자동 팀 추천 커뮤니티 플랫폼입니다. 주요 목표는 풋살 유저들의 편의성을 높이고 매칭 효율성을 향상시키는 것입니다.  이 작품은 사용자의 실력, 경기 성향, 지역 등을 기반으로 자동으로 최적의 팀을 추천하여 매칭의 편의성을 높이고 팀 구성을 지원합니다. 또한, 장터 게시판을 통해 사용자들이 필요한 용품을 쉽게 구매하고 판매할 수 있도록 지원합니다. 이를 통해 풋살 참여의 문턱을 낮추고, 공정하고 효율적인 팀 구성을 가능하게 합니다.  'Kick Off' 작품은 팀 추천 기능을 통해 사용자들이 원하는 팀을 쉽게 찾을 수 있도록 도와주며, 기존 풋볼 플랫폼의 문제점인 수동 필터링 번거로움과 비효율적 매칭을 개선해 나가고 있습니다.  이 작품은 다양한 유사 작품과 연관성이 있습니다. 예를 들어, 'Codename: Peace Maker'는 AI를 활용한 교육용 게이미피케이션 서비스로써, 'Kick Off'와 마찬가지로 사용자의 편의성과 효율성을 높이는 데 초점을 맞추고 있습니다.  마지막으로, 여러분들께 질문을 드리겠습니다. 풋살을 즐기시는 분들께서는 어떻게 하면 풋살 참가의 장벽을 낮출 수 있을지 고민해보셨나요? 'Kick Off'와 같은 플랫폼이 어떻게 도움이 될 수 있을지 생각해보시면 좋을 것 같습니다. 이런 참가 편의성을 높이는 서비스는 우리 일상을 더욱 풍요롭게 만들어줄 수 있습니다. 감사합니다!"
"PROMPT_ONLY",10,"세종실록",1,0,5092,1136,6228,95,"안녕하세요, 여러분! 오늘은 '메타버스 아카데미 수료작품 전시회'에서 소개하는 특별한 작품을 함께 살펴보겠습니다. 이 작품은 웹 기반 3D, 360도 뷰, AR 기술을 활용하여 지역 문화재 정보와 체험을 제공하는 웹 서비스를 소개합니다.   이 작품은 문화유산을 단순한 기록으로만 보지 않고 현대적인 체험 자원으로 활용하는 새로운 시각을 제시합니다. 특히, 세종시의 관광 자원 중에서 저평가된 유적지를 디지털 콘텐츠로 재조명하여 이를 통해 청소년 및 일반 대중의 접근성과 흥미를 높이기 위한 기술 융합 시도를 보여줍니다.  이 작품은 과거의 역사와 현대 기술이 만나는 지점에서 새로운 가치를 창출하고 있습니다. 전통적인 문화유산을 현대적인 방식으로 재해석하고 체험할 수 있는 기회를 제공하며, 이를 통해 우리의 역사와 문화에 대한 이해와 관심을 높일 수 있습니다.  이 작품을 통해 우리는 어떻게 과거와 현재가 만나 새로운 가치를 창출하는지 생각해 볼 수 있습니다. 과거의 유산을 어떻게 현대적으로 재해석할 수 있을지, 그리고 이를 통해 우리의 문화유산을 더욱 다양한 사람들에게 소개하고 보존할 수 있는 방법에 대해 고민해 볼 필요가 있습니다.  그럼, 여러분들은 이 작품을 통해 어떤 새로운 발견을 하셨나요? 혹은 과거의 역사와 현대 기술이 만나는 지점에서 느낀 감정이 있나요? 함께 이야기를 공유해 보시면 더욱 흥미로운 시간이 될 것 같습니다. 감사합니다."
"RAG",10,"세종실록",1,268,11393,1214,12875,92,"안녕하세요, 여러분! 오늘은 HIVE 팀의 2025기 세종실록 작품을 함께 살펴보겠습니다.  세종실록은 웹 기반 3D, 360도 뷰, AR 기술을 활용하여 지역 문화재 정보와 체험을 제공하는 웹 서비스입니다. 이 작품은 문화유산을 단순한 기록이 아닌 현대적인 체험 자원으로 활용하고, 세종시의 저평가된 유적지를 디지털 콘텐츠로 재조명하며, 청소년 및 일반 대중의 접근성과 흥미를 높이기 위한 기술 융합을 시도하고 있습니다.  세종실록은 3D, 파노라마, AR 기술을 통합한 몰입형 체험을 제공하여 기존 문화유산 서비스와 차별화되었으며, 오픈소스 기반 기술을 활용하여 개발 효율성과 비용 절감 효과를 동시에 확보했습니다. 이를 통해 교육, 관광, 문화 콘텐츠 등 다양한 분야에 적용 가능하며, 특히 청소년 역사 교육, 체험형 관광 서비스, 지자체 홍보 콘텐츠 등에서 높은 활용성과 확장 가능성을 지니고 있습니다.  유사 작품 '비연탐고'는 교육 박물관 VR 프로젝트로, 복원 콘텐츠를 포함한 모험적인 문화유산 탐험을 제공합니다. '여민동행'은 지역 경제 활성화를 위한 위치 기반 가맹점 안내 웹 서비스이며, 'Virtuwork'는 VR을 활용한 이색적 진로 체험 프로그램으로, 이색 직업을 체험하고 진로 탐색의 시야를 넓히는데 초점을 맞춥니다.  세종실록은 사용자에게 현장에 있는 듯한 생생한 체험을 제공하며, 3D 인터랙션을 통해 유물을 자유롭게 탐색하고 감상할 수 있습니다. 또한, 360도 파노라마 뷰어를 통해 문화재를 다양한 각도에서 감상할 수 있고, AR 기반 탐방 시스템을 통해 가상 스탬프를 수집하고 소셜 기능과 연계하여 참여도를 높입니다.  이렇게 현대적인 기술을 활용한 세종실록은 문화유산에 대한 흥미를 높이고 새로운 디지털 패러다임을 제시하며, 교육, 관광, 문화 활용 분야에서 큰 잠재력을 지니고 있습니다.  그럼, 여러분들도 이런 현대적인 문화유산 체험에 흥미가 생기지 않나요? 세종실록을 통해 세종시의 다양한 유적지를 탐험하며 새로운 시선으로 문화유산을 경험해보세요! 혹시 여러분이 세종실록을 통해 체험하고 싶은 유적지가 있나요? 함께 공유해보세요! 감사합니다."
"PROMPT_ONLY",10,"세종실록",2,0,8739,880,9619,95,"안녕하세요, 여러분! 오늘 소개해드릴 작품은 '지역 문화재 정보 및 체험 제공 웹 서비스'입니다. 이 작품은 웹 기반 3D, 360도 뷰, AR 기술 등을 활용하여 문화유산을 단순한 기록으로만 보지 않고 현대적인 체험 자원으로 제공하는 서비스를 소개합니다.  이 작품의 주요 목적은 세종시의 관광 자원 중에서 저평가된 유적지를 디지털 콘텐츠로 재조명하는 것입니다. 이를 통해 청소년 및 일반 대중들의 문화유산에 대한 관심과 이해를 높이고자 합니다. 기술적으로는 다양한 기술을 융합하여 접근성과 흥미를 높이는 시도를 하고 있습니다.  이 작품을 통해 우리는 지역의 소중한 문화유산을 더욱 다양하고 현대적인 방식으로 경험할 수 있습니다. 과거의 유적지를 3D로 볼 수 있고, 360도 뷰를 통해 마치 현장에 있는 듯한 느낌을 받을 수 있습니다. 또한 AR 기술을 활용하여 실제로 체험해보는 재미도 느낄 수 있습니다.  이 작품이 주목받는 이유는 바로 과거와 현재를 연결하는 현대적인 방식으로 문화유산을 소개하고 있다는 점입니다. 뿐만 아니라 청소년부터 성인까지 다양한 연령층이 즐길 수 있는 콘텐츠로 구성되어 있어 더 많은 이들이 문화유산에 대한 관심을 가질 수 있게 되었습니다.  이 작품을 관람하시면서, 과거의 유적지와 현대 기술이 어떻게 융합되어 새로운 경험을 선사하는지 직접 경험해보세요. 여러분은 이 작품을 통해 과거와 현재를 잇는 다양한 문화유산을 더욱 흥미롭게 경험할 수 있을 거예요. 지금까지 설명한 내용에 만족하셨나요? 궁금한 점이 있거나 추가로 알고 싶은 내용이 있다면 언제든지 물어봐 주세요!"
"RAG",10,"세종실록",2,333,10667,709,11709,90,"안녕하세요, 여러분! 오늘은 '메타버스 아카데미 수료작품 전시회'에서 HIVE 팀의 작품인 '세종실록'을 소개해 드리겠습니다.  '세종실록'은 웹 기반 3D, 360도 뷰, AR 기술을 활용한 지역 문화재 정보 및 체험을 제공하는 웹 서비스입니다. 이 작품은 세종시의 문화유산을 단순한 기록이 아닌 현대적인 체험 자원으로 활용하고자 하는 목적으로 시작되었습니다. 세종시의 저평가된 유적지를 디지털 콘텐츠로 재조명하고, 청소년 및 대중의 접근성과 흥미를 높이기 위한 기술 융합 시도를 통해 새로운 문화유산 감상 방식을 제안하고 있습니다.  이 작품은 3D, 파노라마, AR 기술을 통합한 몰입형 체험을 제공하여 기존 문화유산 서비스와 차별화되었으며, 오픈소스 기반 기술을 활용하여 개발 효율성과 비용 절감 효과를 동시에 확보하였습니다. 이를 통해 교육, 관광, 문화 콘텐츠 등 다양한 분야에 적용 가능하며, 특히 청소년 역사 교육, 체험형 관광 서비스, 지자체 홍보 콘텐츠 등에서 높은 활용성과 확장 가능성을 가지고 있습니다.  유사 작품인 '비연탐고'는 교육 박물관 VR 프로젝트로, 문화유산을 탐험하는 모험을 담고 있습니다. '세종실록'과 마찬가지로 실감 경험과 새로운 교육 방식을 제안하는 측면에서 유사성을 가지고 있습니다.  '여민동행'은 지역화폐를 활성화하기 위한 위치 기반 가맹점 안내 웹 서비스로, 지역 경제 활성화에 기여하고자 하는 측면에서 '세종실록'과 연관성을 가지고 있습니다.  마지막으로, 'Virtuwork'는 VR을 활용한 이색적 진로 체험 에듀테인먼트 프로그램으로, 다양한 직업의 가치를 탐색하고 관심을 유도하는 측면에서 '세종실록'과 공유할 수 있는 부분이 있습니다.  이렇게 다양한 작품들과 관련성을 가지고 있는 '세종실록'은 현대적인 기술과 전통의 융합을 통해 미래 세대를 위한 디지털 문화유산 경험을 제공하는 작품입니다. 여러분은 이 작품을 통해 세종시의 문화유산을 어떤 새로운 시각으로 경험하고 싶으신가요? 함께 탐험해 보세요!"
"PROMPT_ONLY",10,"세종실록",3,0,5211,1022,6233,90,"안녕하세요, 여러분! 이번 전시회에서 소개해드릴 작품은 '지역 문화재를 현대적으로 체험할 수 있는 웹 서비스'입니다. 이 작품은 웹 기반 3D 기술과 360도 뷰, AR 기술을 활용하여 지역 문화재에 대한 정보와 체험을 제공합니다.   이 작품의 주요 목적은 문화유산을 단순한 기록으로만 생각하는 것이 아니라, 현대적인 체험 자원으로 활용하는 것입니다. 특히 세종시의 관광 자원 중에서 저평가된 유적지를 디지털 콘텐츠로 재조명함으로써, 청소년 및 일반 대중들의 접근성과 흥미를 높이는 기술 융합 시도를 하고 있습니다.  이 작품은 우리의 역사와 문화를 보다 쉽게 접근할 수 있도록 도와주며, 전통적인 방식으로만 전해지던 정보들을 현대적인 기술을 통해 새롭게 경험할 수 있는 기회를 제공합니다. 또한, 지역 문화재에 대한 관심과 이해를 높이는데 큰 도움을 줄 것으로 기대됩니다.  이 작품을 통해 우리는 어떤 방식으로 지역 문화재를 체험하고 이해할 수 있는지 궁금하신가요? 지금 바로 작품을 살펴보시면서 새로운 경험을 만나보세요! 감사합니다."
"RAG",10,"세종실록",3,245,10074,624,10943,95,"안녕하세요, 여러분! 오늘은 '메타버스 아카데미 수료작품 전시회'에서 HIVE 팀의 2025기 작품인 '세종실록'을 소개해 드리겠습니다.  '세종실록'은 웹 기반 3D, 360도 뷰, AR 기술을 활용한 지역 문화재 정보와 체험을 제공하는 웹 서비스입니다. 이 작품은 세종시의 문화유산을 단순한 기록이 아닌 현대적인 체험 자원으로 활용하고, 저평가된 유적지를 디지털 콘텐츠로 재조명하여 청소년 및 대중의 접근성과 흥미를 높이기 위한 기술 융합 시도를 통해 세종시의 관광 자원을 활성화하는 데 주력하고 있습니다.  이 프로젝트는 3D, 파노라마, AR 기술을 통합한 몰입형 체험을 통해 기존 문화유산 서비스와 차별화되며, 오픈소스 기반 기술을 활용하여 개발 효율성과 비용 절감 효과를 동시에 확보했습니다. '세종실록'은 교육, 관광, 문화 콘텐츠 등 다양한 분야에 적용 가능하며, 특히 청소년 역사 교육, 체험형 관광 서비스, 지자체 홍보 콘텐츠 등에서 높은 활용성과 확장 가능성을 지니고 있습니다.  이 작품은 과거 문화유산을 새로운 시각으로 재해석하고 현대적인 체험으로 제공함으로써 관객들에게 현장감 있는 3D 인터랙션을 제공합니다. 360도 파노라마 뷰어를 통해 문화재를 다양한 각도에서 감상할 수 있고, AR 기반 탐방 시스템을 통해 가상 스탬프를 수집하는 등 색다른 경험을 제공합니다.  유사 작품 맥락으로는 '비연탐고'와 '여민동행'이 있습니다. '비연탐고'는 교육 박물관 VR 프로젝트로, '세종실록'과 마찬가지로 문화유산을 새로운 경험으로 제공합니다. '여민동행'은 지역 경제 활성화를 위한 위치 기반 가맹점 안내 웹 서비스로, 지역 문화를 촉진하는 측면에서 유사한 목표를 가지고 있습니다.  '세종실록'은 문화유산에 대한 관심을 높이고 현대적인 체험을 제공함으로써 세종시의 관광 자원을 활성화하는 데 기여하고 있습니다. 이 작품을 통해 우리는 어떤 새로운 문화유산을 경험하고 싶으신가요? 함께 탐험해보시겠어요? 감사합니다!"
"PROMPT_ONLY",10,"세종실록",4,0,3904,698,4602,90,"안녕하세요, 여러분. 이번 전시회에서 소개해드릴 작품은 '지역 문화재를 현대적으로 재해석한 웹 기반 서비스'입니다.  이 작품은 웹을 통해 3D 기술, 360도 뷰, AR 등을 활용하여 지역의 다양한 문화재 정보와 체험을 제공합니다. 과거에는 단순한 기록으로 남아있던 문화유산들을 현대적인 시각으로 새롭게 체험할 수 있는 자원으로 만들었습니다. 특히 세종시의 관광 자원 중에서 저평가되었던 유적지들을 디지털 콘텐츠를 통해 다시 한 번 빛을 받게 하고자 합니다.  이 작품은 청소년부터 성인 대중까지 누구나 손쉽게 접근할 수 있도록 만들어졌으며, 기술적인 융합을 통해 흥미를 유발하고자 노력하고 있습니다. 지역의 역사와 문화를 보다 다채롭고 흥미진진하게 경험할 수 있는 기회를 제공함으로써, 우리의 문화유산을 새롭게 발견하고 소중히 여기는 계기가 될 것입니다.  이 작품을 통해 우리는 어떻게 지역 문화유산을 보다 현대적으로 경험하고 공유할 수 있을까요? 혹은 다양한 기술을 활용하여 과거와 현재를 연결짓는 새로운 방법에 대해 고민해보시는 건 어떨까요? 함께 이 작품이 제안하는 새로운 시각을 고민하며, 우리의 문화유산을 함께 나누어보는 시간이 되시길 바랍니다. 감사합니다."
"RAG",10,"세종실록",4,291,9032,1059,10382,98,"안녕하세요, 여러분! 오늘은 HIVE 팀이 제작한 '세종실록'이라는 작품을 함께 살펴보겠습니다. 이 작품은 웹 기반 3D, 360도 뷰, AR 기술을 활용하여 지역 문화재 정보와 체험을 제공하는 웹 서비스입니다. 이 작품은 세종시의 문화유산을 단순한 기록이 아닌 현대적인 체험 자원으로 활용하고자 하는 목적으로 제작되었습니다.  '세종실록'은 세종시 관광 자원 중 저평가된 유적지를 디지털 콘텐츠로 재조명하고, 청소년 및 일반 대중의 접근성과 흥미를 높이기 위한 기술 융합 시도를 통해 새로운 문화유산 체험 시스템을 제안하고 있습니다. 이 작품은 기존 문화유산 서비스와 차별화되며, 오픈소스 기반 기술을 활용하여 개발 효율성과 비용 절감 효과를 동시에 확보하였다고 합니다.  이 작품은 3D, 파노라마, AR 기술을 통합하여 사용자에게 현장에 있는 듯한 생생한 체험을 제공하여 새로운 문화유산 감상 방식의 가능성을 제시합니다. 또한, 360도 파노라마 뷰어를 통해 문화재를 다양한 각도에서 감상하고, AR 기반 탐방 시스템을 통해 가상 스탬프를 수집하고 관리하는 등 다양한 기능을 제공하고 있습니다.  유사한 작품으로는 '비연탐고'와 '여민동행'이 있습니다. '비연탐고'는 교육 박물관 VR 프로젝트로, 문화유산을 발굴하고 조립하는 콘텐츠를 제공합니다. '여민동행'은 지역화폐 사용을 촉진하기 위한 위치 기반 가맹점 안내 웹 서비스로, 지역 경제 활성화에 기여합니다.  이제 여러분께 질문을 드릴게요. 문화유산을 현대적으로 재해석하고 체험할 수 있는 이러한 디지털 콘텐츠가 미래 세대에게 어떤 영향을 미칠 수 있을까요? 어떤 문화유산을 가장 먼저 경험해보고 싶으신가요? 이러한 새로운 문화유산 체험 시스템이 우리의 문화유산 보존과 홍보에 어떤 도움을 줄 수 있을지 고민해보시면 좋겠습니다. 감사합니다!"
"PROMPT_ONLY",10,"세종실록",5,0,3779,669,4448,90,"안녕하세요, 여러분! 저희 전시회에 오신 것을 환영합니다.  이번 전시에서는 웹 기반 3D, 360도 뷰, AR 등 다양한 기술을 활용한 지역 문화재 정보 및 체험을 제공하는 작품을 살펴볼 수 있습니다. 이 작품은 문화유산을 단순한 기록으로만 보지 않고 현대적인 체험 자원으로 활용하려는 목적으로 제작되었습니다. 특히 세종시의 관광 자원 중 저평가된 유적지를 디지털 콘텐츠로 재조명하고, 청소년 및 일반 대중들이 쉽게 접근할 수 있도록 기술적으로 융합한 노력이 돋보이는 작품입니다.  이 작품은 과거와 현재를 연결하여 고유한 문화유산을 새롭게 경험할 수 있는 기회를 제공합니다. 3D 기술을 활용한 가상 현실 체험을 통해 사실감 있는 시각적 효과를 느낄 수 있을 뿐만 아니라, AR을 통해 실제로 그 곳에 있는 듯한 느낌을 경험할 수 있습니다. 이를 통해 전통과 현대가 조화로운 방식으로 만나볼 수 있는 유익한 시간을 보낼 수 있을 것입니다.  이 작품이 더 많은 사람들에게 알려지고 활용될수록, 우리의 문화유산을 보다 다양한 시각에서 감상하고 이해할 수 있을 것입니다. 여러분은 이 작품을 통해 어떤 새로운 발견을 하게 될지 궁금하지 않으신가요? 어떤 문화유산이 가장 흥미로웠는지 공유해 주시면 더욱 흥미로운 대화가 될 것입니다. 함께 이 작품을 통해 우리의 문화유산을 새롭게 발견해보시기 바랍니다. 감사합니다!"
"RAG",10,"세종실록",5,269,8135,464,8868,85,"안녕하세요, 여러분! 오늘은 '세종실록'이라는 작품을 소개해 드리겠습니다.   '세종실록'은 HIVE 팀이 2025기에 제작한 작품으로, 웹 기반 3D, 360도 뷰, AR 기술을 활용하여 지역 문화재 정보 및 체험을 제공하는 웹 서비스입니다. 이 작품은 문화유산을 단순한 기록이 아닌 현대적인 체험 자원으로 활용하고자 하며, 세종시 관광 자원 중 저평가된 유적지를 디지털 콘텐츠로 재조명하는 데 주력하고 있습니다. 또한, 청소년 및 일반 대중의 접근성과 흥미를 높이기 위해 기술을 융합하여 다양한 분야에 활용 가능한 시도를 하고 있습니다.  이 작품은 3D, 파노라마, AR 기술을 통합한 몰입형 체험을 제공하여 기존 문화유산 서비스와 차별화되었다고 합니다. 또한, 오픈소스 기반 기술을 활용하여 개발 효율성과 비용 절감 효과를 동시에 확보했으며, 교육, 관광, 문화 콘텐츠 등 다양한 분야에 적용 가능하다고 합니다.  이 작품과 유사한 맥락으로는 '비연탐고' 작품이 있습니다. '비연탐고'는 과거 문화유산을 찾는 모험을 담은 교육 박물관 VR 프로젝트로, 문화유산을 복원하는 콘텐츠를 포함하고 있습니다. '세종실록'과 '비연탐고'는 모두 문화유산에 대한 관심을 높이고 새로운 체험 방식을 제공하는 데 중점을 두고 있습니다.  이렇게 현대적인 기술을 활용한 문화유산 체험 서비스는 우리의 문화유산을 새롭게 경험하고 이해하는 데 큰 도움이 될 것입니다. 여러분은 이 작품을 통해 세종시의 다양한 유적지를 현대적이고 재미있는 방식으로 탐험할 수 있습니다. 이 작품이 제안하는 디지털 문화유산 체험의 가능성에 대해 어떻게 생각하시나요? 혹시 여러분이 체험해보고 싶은 문화유산이 있나요? 함께 이야기 나눠보면 더욱 흥미로운 경험이 될 것입니다. 감사합니다!"
"PROMPT_ONLY",11,"Virtuwork",1,0,4856,620,5476,85,"안녕하세요, 여러분! 저희의 다음 작품 소개는 VirtuWork입니다. VirtuWork는 VR을 활용한 이색적 진로 체험 에듀테인먼트 프로그램으로, 현실에서는 쉽게 만나보기 어려운 직업들을 다양하게 체험해보며 진로 탐색의 시야를 넓히는 것을 목표로 합니다.  VirtuWork는 이색 직업을 체험하고 다양한 직업의 가치를 탐색할 수 있는 기회를 제공하여, 관람객들에게 몰입감 높은 체험 컨텐츠를 통해 흥미를 유발하고, 이색 직업에 대한 관심을 높이는 방식으로 구성되어 있습니다. 진로 고민이 있는 분들이나 VR 환경에서 진로 탐색에 어려움을 겪는 분들을 위해 도움이 되도록 설계되었습니다.  이 프로그램은 진로에 대한 고민을 하고 있는 분들에게 도움을 주는 것뿐만 아니라, 다양한 직업의 가치를 생생하게 전달하여 관람객들이 새로운 직업에 대한 관심과 이해를 높일 수 있도록 돕습니다. VirtuWork를 통해 다양한 직업을 경험하고 탐색함으로써, 새로운 진로나 삶의 방향을 고민하는 분들에게 유용한 정보와 영감을 제공할 수 있습니다.  이런 특별한 경험을 통해 여러분은 어떤 직업에 대한 흥미와 호기심을 가지게 되었나요? VirtuWork를 통해 경험한 이색 직업 중에서 어떤 직업이 여러분의 관심을 끌었는지, 그 이유는 무엇인지 한번 고민해보시는 건 어떨까요? 함께 새로운 진로와 직업에 대한 시야를 넓혀보는 것은 언제나 즐거운 시간이 될 것입니다. 감사합니다!"
"RAG",11,"Virtuwork",1,287,8635,642,9564,85,"안녕하세요, 여러분! 저희는 '메타버스 아카데미 수료작품 전시회'에서 DreamShift 팀의 작품인 'Virtuwork'를 소개할게요.  'Virtuwork'는 VR을 활용한 이색적 진로 체험 에듀테인먼트 프로그램으로, 현실적으로 접하기 어려운 직업들을 선정하여 진로 탐색의 시야를 넓히기 위해 다양한 직업을 체험하고 가치를 탐색할 수 있는 기회를 제공합니다. 이 작품은 진로 고민을 하는 분들을 위해 진로 탐색을 돕고, 다양한 직업의 가치를 전달하는 것을 목적으로 하고 있어요.  'Virtuwork'는 몰입감 높은 체험 컨텐츠를 통해 흥미를 유도하고, 이색 직업에 대한 관심을 높이는 방식으로 설계되었습니다. 특수 직업을 체험하고 다양한 직업의 가치를 탐색할 수 있는 이 프로그램은 진로 탐색에 어려움을 겪고 있는 분들을 위해 소중한 도움이 될 것입니다.  이번 작품은 기존 VR을 활용한 진로 탐색의 한계점을 보완하고, 몰입감과 사용자 편의성을 극대화하였으며, 실제 업무 환경에 대한 조사를 통해 메타버스의 디지털 트윈을 활용하여 구현되었습니다.  유사한 맥락을 가지는 다른 작품으로는 '비연탐고'와 '세종실록'이 있습니다. '비연탐고'는 문화유산을 찾는 모험을 담은 교육 박물관 VR 프로젝트로, 문화유산 조각을 발굴, 조립하는 콘텐츠를 제공하고 있어요. '세종실록'은 지역 문화재 정보 및 체험 제공 웹 서비스로, 세종시 관광 자원을 디지털 콘텐츠로 재조명하여 접근성과 흥미를 높이는 데 주력하고 있습니다.  마지막으로, 여러분에게 질문을 드리겠습니다. 가상 현실을 활용한 진로 탐색 프로그램을 통해 새로운 직업들을 체험하고 가치를 탐색해본 적이 있나요? 어떤 직업을 체험해보고 싶으신가요? 이 작품을 통해 자신의 진로나 직업에 대한 관심을 높이는 데 도움이 될 수 있을 거예요. 감사합니다!"
"PROMPT_ONLY",11,"Virtuwork",2,0,5161,584,5745,85,"안녕하세요, 여러분! 이번 전시회에서 소개해드릴 작품은 'VirtuWork'입니다. VirtuWork는 VR을 활용한 이색적 진로 체험 에듀테인먼트 프로그램으로, 현실에서는 쉽게 경험할 수 없는 다양한 직업들을 가상현실 속에서 체험할 수 있는 기회를 제공합니다.  이 작품의 주요 목적은 바로 진로 탐색의 시야를 넓히고, 다양한 직업의 가치를 탐색할 수 있는 기회를 제공하는 것입니다. VirtuWork를 통해 이색 직업들을 체험하며 몰입감 높은 경험을 할 수 있고, 이를 통해 다양한 직업에 대한 흥미를 유발하고 관심을 끌어내는 것이 주요 장점이죠.  진로 고민이 있는 분들이나 VR 환경에서 진로 탐색에 어려움을 겪고 있는 분들을 위해 특히 도움이 될 수 있는 작품이니까요. VirtuWork를 통해 진로에 대한 고민을 해소하고, 다양한 직업의 가치를 새롭게 발견할 수 있습니다.  이런 작품을 통해 우리는 진로에 대한 관심을 높이고, 다양한 직업에 대한 이해를 넓힐 수 있습니다. 그렇다면 여러분은 현재의 직업에 만족하시나요? 혹은 가상현실 세계에서 다른 직업을 선택한다면 어떤 직업을 경험해보고 싶으신가요? VirtuWork를 통해 새로운 직업 세계를 체험하며, 여러분의 진로에 대한 생각을 곱씹어보는 시간이 될 것입니다. 함께 여행을 떠나볼까요? 감사합니다."
"RAG",11,"Virtuwork",2,241,5337,447,6025,82,"안녕하세요, 여러분. 저희는 '메타버스 아카데미 수료작품 전시회'에서 DreamShift팀이 선보이는 작품 'Virtuwork'를 소개해 드리겠습니다.  'Virtuwork'는 VR을 활용한 이색적 진로 체험 에듀테인먼트 프로그램으로, 현실에서는 쉽게 만나보기 어려운 다양한 직업들을 체험할 수 있는 기회를 제공합니다. 이 프로그램은 진로 탐색의 시야를 넓히고, 다양한 직업의 가치를 탐색할 수 있는 흥미로운 방법입니다. 특수 직업을 체험하고 몰입감 있는 컨텐츠를 통해 관심을 유도하며, 이색 직업에 대한 관심을 높이는 것을 목표로 합니다.  이 작품은 진로 고민을 하는 분들이나 VR 환경에서 진로 탐색에 어려움을 겪는 분들을 위해 디자인되었습니다. 'Virtuwork'를 통해 이색 직업의 매력을 경험하고 직접적으로 체험함으로써 진로 선택에 도움을 줄 수 있습니다.  유사한 맥락으로는 다른 팀들의 작품들도 있습니다. '비연탐고'는 문화유산을 찾는 모험을 담은 교육 박물관 VR 프로젝트로, 문화유산을 복원하는 콘텐츠를 제공합니다. '세종실록'은 지역 문화재 정보와 체험을 제공하는 웹 서비스로, 세종시의 저평가된 유적지를 디지털 콘텐츠로 재조명합니다. 'Echo'는 AI를 활용한 사고 확장형 플랫폼으로, 비판적 사고와 창의적 사고를 촉진하는 방안을 제공합니다.  마지막으로, 여러분에게 질문을 드리겠습니다. 어떤 직업을 체험해보고 싶으신가요? 'Virtuwork'를 통해 다양한 직업을 경험하며 새로운 진로에 대한 흥미를 느껴보실 수 있습니다. 감사합니다."
"PROMPT_ONLY",11,"Virtuwork",3,0,4658,502,5160,92,"안녕하세요, 여러분! 오늘은 'VirtuWork'라는 작품을 살펴보겠습니다.  'VirtuWork'는 VR을 활용한 이색적 진로 체험 에듀테인먼트 프로그램으로, 현실에서는 접하기 어려운 직업들을 가상 현실 속에서 체험할 수 있게 해줍니다. 이 작품은 진로 탐색의 시야를 넓히고, 다양한 직업의 가치를 탐색할 수 있는 기회를 제공합니다.  작품은 몰입감 높은 체험 컨텐츠를 통해 흥미를 유도하고, 이색 직업에 대한 관심도를 높이는 방식으로 구성되어 있습니다. 진로 고민이 있는 분들이나 VR 환경에서 진로 탐색에 어려움을 겪고 있는 분들을 위해 진로 탐색을 돕고, 다양한 직업의 가치를 전달하는 것이 이 작품의 목적입니다.  'VirtuWork'는 현실에서는 경험하기 어려운 직업을 가상 현실을 통해 경험할 수 있는 독특한 기회를 제공하며, 참여자들에게 새로운 직업 분야에 대한 호기심을 자극하여 진로 선택에 도움을 줄 수 있습니다.  이렇게 현실과 가상이 만나는 'VirtuWork' 작품이 여러분에게 어떤 영감을 주는지 궁금하지 않으신가요? 가상 현실을 통해 다양한 직업을 경험하고, 새로운 직업 분야에 대해 탐험해 볼 수 있는 'VirtuWork'에 대해 더 알아보시겠어요?"
"RAG",11,"Virtuwork",3,305,7148,377,7830,86,"안녕하세요, 여러분! 저희는 '메타버스 아카데미 수료작품 전시회'에서 DreamShift 팀의 작품인 'Virtuwork'를 소개해 드리겠습니다.  'Virtuwork'는 VR을 활용한 이색적 진로 체험 에듀테인먼트 프로그램으로, 현실에서는 접하기 어려운 직업들을 선정하여 진로 탐색의 시야를 넓히기 위한 프로젝트입니다. 이 작품은 이색 직업을 체험하고 다양한 직업의 가치를 탐색할 수 있는 기회를 제공합니다. 몰입감 높은 체험 컨텐츠를 통해 흥미를 유도하고, 이색 직업에 대한 관심을 높이는 방식으로 진로 탐색에 어려움을 겪는 분들을 돕고, 다양한 직업의 가치를 전달하고자 합니다.  이 프로젝트는 현실에서는 잘 알려지지 않은 동물랭글러, 해충 방제 기사, 보석 세공사 등과 같이 생소하고 낯선 직업들을 체험할 수 있도록 하여, 유의미한 경험을 제공합니다. 이를 통해 비주류 직업에 대한 인식을 제고하고, 시뮬레이션을 통한 편리한 적성 평가, 다양한 소비자층에게 직업 소개 및 교육 가능성을 제시합니다.  유사한 맥락을 가진 다른 작품으로는 '비연탐고'와 '세종실록'이 있습니다. '비연탐고'는 문화유산을 찾는 모험을 담은 교육 박물관 VR 프로젝트로, 문화유산을 복원하는 콘텐츠를 제공하며 문화적 양극화를 해소하는 방안을 모색합니다. '세종실록'은 지역 문화재 정보를 제공하는 웹 서비스로, 세종시의 저평가된 유적지를 디지털 콘텐츠로 재조명하여 청소년 및 일반 대중의 흥미를 높이는 데 주력합니다.  이러한 작품들은 현대적인 기술과 문화 유산을 융합하여 새로운 경험과 지식을 제공하고, 창의적 사고와 비판적 사고를 촉진하는 역할을 합니다.  마지막으로, 여러분은 어떤 이색 직업을 체험해 보고 싶으신가요? 'Virtuwork'를 통해 다양한 직업을 경험하며 새로운 진로에 대한 흥미와 가능성을 찾아보실 수 있습니다. 감사합니다!"
"PROMPT_ONLY",11,"Virtuwork",4,0,6092,748,6840,90,"안녕하세요, 여러분! 저희의 첫 번째 작품 소개는 'VirtuWork'입니다. VirtuWork는 VR을 활용한 이색적 진로 체험 에듀테인먼트 프로그램으로, 현실에서는 쉽게 경험하기 어려운 직업들을 가상 현실 속에서 체험할 수 있는 기회를 제공합니다.  이 작품의 목적은 바로 진로 탐색의 시야를 넓히는 데에 있습니다. VirtuWork를 통해 다양한 이색 직업을 경험하고, 그들의 가치를 탐색함으로써 진로에 대한 고민을 더욱 심도 있게 고민해 볼 수 있습니다. 몰입감 높은 체험 컨텐츠를 통해 흥미를 유발하고, 이색 직업에 대한 관심을 높이는 것이 이 작품의 장점이죠.  VirtuWork는 진로 고민이 있는 분들이나 VR 환경에서 진로 탐색에 어려움을 겪는 분들을 위해 특히 유용합니다. 가상 현실 속에서 다양한 직업을 경험하고 직접 체험함으로써, 현실 세계에서의 진로 선택에 도움을 줄 수 있습니다.  그렇죠, 여러분도 한 번 가상 현실 속에서 여러분의 이색적인 직업을 경험해 보고 싶지 않으신가요? 혹은 현재의 진로에 대해 좀 더 심도 있게 고민해 보고 싶지 않으신가요? VirtuWork를 통해 그런 여러분의 궁금증을 해소해보는 건 어떨까요? 함께 해보시겠습니까?"
"RAG",11,"Virtuwork",4,297,7245,657,8199,93,"안녕하세요, 여러분. 저희 '메타버스 아카데미 수료작품 전시회'에 오신 것을 환영합니다. 오늘은 DreamShift 팀의 작품인 'Virtuwork'를 살펴보겠습니다.  'Vertuwork'는 VR을 활용한 이색적 진로 체험 에듀테인먼트 프로그램으로, 현실에서는 접하기 어려운 직업들을 선정하여 진로 탐색의 시야를 넓히고 다양한 직업의 가치를 탐색할 수 있는 기회를 제공합니다. 이 프로그램은 몰입감 높은 체험 컨텐츠를 통해 흥미를 유도하고, 이색 직업에 대한 관심도를 높이는 방식으로 진로 고민을 하는 분들을 돕고, 다양한 직업의 가치를 전달합니다.  DreamShift 팀은 이 프로젝트를 통해 실제 업무 환경 조사를 통해 메타버스의 디지털 트윈을 극대화하고, VR을 활용한 진로 탐색의 한계점을 보완하여 몰입감과 편의성을 극대화했습니다. 이를 통해 비주류 직업에 대한 인식 제고, 시뮬레이션을 통한 편리한 적성 평가, 다양한 소비자층에게 직업 소개 및 교육 가능성 등 다양한 효과를 기대할 수 있습니다.  비슷한 맥락의 다른 작품으로는 '비연탐고'와 '세종실록'이 있습니다. '비연탐고'는 문화유산을 찾는 모험을 담은 교육 박물관 VR 프로젝트로, 문화유산을 복원하는 콘텐츠를 제공하여 문화적 양극화를 해소하는 방안을 모색합니다. '세종실록'은 지역 문화재 정보와 체험을 제공하는 웹 서비스로, 현대적인 방식으로 문화유산을 활용하여 저평가된 유적지를 디지털 콘텐츠로 재조명합니다.  이제 한 가지 궁금증을 던져보겠습니다. 여러분이 가장 궁금한 이색 직업은 무엇인가요? 'Virtuwork'를 통해 체험해보고 싶은 이색 직업이 있을까요? 고민 중인 분들에게 진로 탐색에서 새로운 시야를 제공하는 'Virtuwork'는 어떤 직업을 체험해보고 싶으신가요? 여러분의 흥미로운 의견을 기다리겠습니다. 감사합니다."
"PROMPT_ONLY",11,"Virtuwork",5,0,7357,820,8177,85,"안녕하세요, 여러분! 저희의 다음 작품은 'VirtuWork'입니다. VirtuWork는 VR을 활용한 이색적 진로 체험 에듀테인먼트 프로그램으로, 현실에서는 쉽게 경험하기 어려운 직업들을 다양하게 체험해보며 진로 탐색의 시야를 넓히는 것을 목적으로 합니다.  이 작품은 진로 고민을 안고 있는 분들이 VR 환경에서 다양한 이색 직업을 경험함으로써 진로 탐색에 도움을 주고, 다양한 직업의 가치를 알려줍니다. VirtuWork는 몰입감 높은 체험 컨텐츠를 통해 관람객들의 흥미를 유도하며, 이색 직업에 대한 관심을 높이는 것을 목표로 하고 있어요.  이 작품은 진로에 대한 고민이 있는 분들에게 꼭 필요한 도움을 줄 뿐만 아니라, VR 기술을 통해 현실에서는 체험하기 어려운 다양한 환경과 상황을 경험할 수 있다는 점에서도 매우 특별하고 가치 있는 작품이에요.  그럼, 여러분! 만약에 현재 직업에 대해 고민이 있거나, 미래에 어떤 직업을 택해야 할지 망설이고 계신다면, VirtuWork를 통해 다양한 이색 직업을 체험하며 새로운 영감을 얻어보는 건 어떨까요? 여러분이 한 번도 상상해보지 못했던 직업들을 경험해보면서, 미래의 진로에 대한 아이디어를 얻을 수 있을 거예요. 지금 바로 VirtuWork로 여정을 시작해보세요!   마지막으로, 여러분은 어떤 이색 직업을 체험해보고 싶으신가요? 혹은 가장 도전적인 직업은 무엇이라고 생각하시나요? VirtuWork를 통해 여러분의 진로에 대한 새로운 가능성을 찾아보세요! 감사합니다."
"RAG",11,"Virtuwork",5,297,5588,594,6479,90,"안녕하세요, 여러분! 저희는 '메타버스 아카데미 수료작품 전시회'에서 DreamShift 팀의 작품인 'VirtuWork'를 소개해드리겠습니다.  'VertuWork'는 VR을 활용한 이색적 진로 체험 에듀테인먼트 프로그램으로, 현실에서는 접하기 어려운 다양한 직업을 체험하고 진로 탐색의 시야를 넓히는 것을 목적으로 합니다. 이 프로그램은 이색 직업을 체험해보고 다양한 직업의 가치를 탐색할 수 있는 기회를 제공하여, 진로 고민을 하는 분들에게 도움을 주고자 합니다.  'VertuWork'는 몰입감 높은 체험 컨텐츠를 통해 흥미를 유도하고, 이색 직업에 대한 관심을 높이는 방식으로 설계되었습니다. 진로 탐색에서 어려움을 겪고 있는 청소년부터 이직을 고민하시는 분들까지 다양한 연령층을 대상으로 하며, VR 환경에서 진로 탐색을 돕고 다양한 직업의 가치를 전달하는 것이 특징입니다.  이 작품은 과거 문화유산을 찾는 모험을 담은 '비연탐고'나 지역 문화재 정보를 제공하는 '세종실록'과 같은 유사 작품들과 연관성을 가지고 있습니다. 'VertuWork'는 VR 기술을 활용하여 다양한 직업을 경험하고 탐색할 수 있는 측면에서 유사한 측면을 가지고 있습니다.  이 작품은 실제 업무 환경에 대한 조사를 통해 메타버스의 디지털 트윈을 극대화하고, VR을 활용한 진로 탐색의 한계점을 보완하여 몰입감과 편의성을 극대화했다는 점이 특장점입니다.  여러분도 한 번 'VertuWork'를 체험해보시면 어떨까요? 현실에서는 경험하기 어려운 직업들을 가장 생생하게 경험할 수 있는 기회가 될 것입니다. 이런 혁신적인 작품이 미래 진로에 대한 고민을 가진 많은 분들에게 도움이 될 것입니다. 이 작품을 통해 어떤 직업을 체험하고 싶으신가요? 어떤 직업이 궁금하신가요? 함께 고민하고 탐험해보는 재미를 느껴보시기 바랍니다. 감사합니다!"
"PROMPT_ONLY",12,"비연탐고",1,0,5549,510,6059,68,"안녕하세요, 여러분! 오늘은 '메타버스 아카데미 수료작품 전시회'에서 특별한 작품을 만나보실 수 있습니다. 이 작품은 과거 문화유산을 찾는 모험을 담은 교육 박물관 VR 프로젝트로, 문화유산 조각을 발굴하고 조립해 복원하는 콘텐츠를 담고 있습니다.  이 프로젝트는 메타버스 환경의 특수성과 실감 경험을 통해 현실과 가상이 융합된 색다른 경험을 제공합니다. 게다가, '놀이 인간'에 의거한 콘텐츠 모델을 제안하여 참여자들이 쉽고 재미있게 문화유산을 경험하고 배울 수 있습니다. 이를 통해 문화적 양극화 현상의 점진적 해소 방안이 제시되며, 새로운 교육 방식으로도 주목받고 있죠.  또한, 이 프로젝트는 단순히 교육적인 측면뿐만 아니라, 콘텐츠 자체가 문화의 장으로써 기여하도록 함으로써 문화예술 산업에도 새로운 가능성을 제시하고 있습니다. 그래서 이 작품은 단순히 가상 현실을 넘어서 문화적 가치와 교육적 가치를 동시에 추구하는 차별화된 작품으로 주목받고 있습니다.  이 작품을 경험하면서, 어떤 문화유산에 대해 더 알고 싶은 생각이 드시나요? 혹은 가상 현실을 통해 문화유산을 체험하는 새로운 방식에 대해 어떤 생각을 가지게 되셨나요? 여러분의 다양한 의견과 생각을 기대해봅니다. 함께 이야기를 공유해보시죠! 감사합니다."
"RAG",12,"비연탐고",1,247,7205,588,8040,78,"안녕하세요, 여러분! 저희는 '매난국죽' 팀에서 개발한 VR 프로젝트 '비연탐고'를 소개해드리려고 합니다.   '비연탐고'는 과거 문화유산을 찾는 모험을 담은 교육 박물관 VR 프로젝트로, 문화유산 조각을 발굴하고 조립해 복원하는 콘텐츠를 포함하고 있습니다. 이 프로젝트는 메타버스 환경의 특수성과 실감 경험을 통해 문화적 양극화 현상의 점진적 해소 방안을 제시하고, 새로운 교육 방식을 제안합니다. 또한, '놀이 인간' 이론에 기반을 두고 있어 학습과 놀이를 융합한 콘텐츠 모델을 제시하여 콘텐츠 자체가 문화의 장으로 기여하도록 합니다.  이 프로젝트는 기존의 VR 콘텐츠가 가지고 있던 제한적이고 단편적인 접근 방식을 벗어나고, 고고학적 경험과 함께 기존 유적지를 박물관으로 재해석한 디지털 트윈 공간을 제공합니다. 이를 통해 관람자에게 새로운 경험과 시각의 전환을 제공하며, 흥미를 유발하고 학습을 동기부여합니다.  유사 작품 중 '세종실록'은 지역 문화재 정보와 체험을 제공하는 웹 서비스로, 문화유산을 현대적인 체험 자원으로 활용합니다. 또한, 'Virtuwork'는 VR을 활용한 이색적 진로 체험 에듀테인먼트 프로그램으로, 다양한 직업의 가치를 탐색하는 기회를 제공합니다.  그렇다면 여러분, 어떤 문화유산을 발굴하고 복원하는 체험을 하고 싶으신가요? '비연탐고'와 같은 프로젝트를 통해 문화유산의 가치를 경험하며 새로운 학습 방식을 체험해보시는 건 어떨까요? 함께 모험을 떠나보는 것은 어떤 경험이 될지 기대가 됩니다. 감사합니다!"
"PROMPT_ONLY",12,"비연탐고",2,0,4541,513,5054,95,"안녕하세요, 여러분! 저희 전시회에서 소개해드릴 작품은 '과거 문화유산을 탐험하는 모험'을 담은 VR 프로젝트입니다. 이 작품은 문화유산 조각을 발굴하고 조립해 복원하는 콘텐츠를 제공하고 있어요.   이 프로젝트는 메타버스 환경의 특수성과 실감 경험을 통해 우리에게 색다른 경험을 선사해줍니다. 또한, '놀이 인간'이라는 콘텐츠 모델을 통해 참여자들에게 창의적인 활동을 유발하며, 문화적 양극화 현상을 해소하고 새로운 교육 방식을 제안합니다. 이 작품은 단순히 콘텐츠로 머물지 않고, 하나의 문화의 장으로서의 역할을 하여 사람들에게 새로운 경험을 선사합니다.  이 작품을 통해 우리는 어떻게 문화유산을 탐험하고 복원하는 과정을 경험할 수 있을까요? 그리고 이를 통해 어떻게 우리의 교육 방식이 변화할 수 있을지 생각해보시면 좋을 것 같아요. 여러분의 상상력을 발휘해 보시고, 이 작품이 우리에게 더 많은 영감을 줄 수 있는 방법에 대해 한번 고민해보시는 건 어떨까요? 함께 이 작품을 통해 새로운 세계를 탐험해봅시다!"
"RAG",12,"비연탐고",2,298,8337,1197,9832,85,"안녕하세요, 여러분! 오늘은 '메타버스 아카데미 수료작품 전시회'에서 매난국죽 팀의 작품인 '비연탐고'를 살펴보겠습니다.  '비연탐고'는 과거 문화유산을 찾는 모험을 담은 교육 박물관 VR 프로젝트로, 문화유산 조각을 발굴해 조립해 복원하는 콘텐츠를 제공합니다. 이 프로젝트는 메타버스 환경의 특수성과 실감 경험을 통해 문화적 양극화 현상의 해소 방안을 제시하고, 새로운 교육 방식을 제안합니다. 또한, 콘텐츠 자체가 하나의 문화의 장으로써 기여하도록 설계되었습니다.  이 작품은 기존의 VR 콘텐츠가 가지고 있던 제한적인 성격을 벗어나고, 놀이인간 이론에 기반한 메타버스 환경을 제안합니다. 또한, 문화유산에 대한 관심과 개인화된 경험을 통해 더 나은 학습 환경을 제공하며, 문화 유산 교육의 빈약한 환경을 개선하고 문화 인식 격차를 해소하는 새로운 문화 접근 방식을 제시합니다.  비슷한 맥락의 다른 작품으로는 HIVE 팀의 '세종실록'과 DreamShift 팀의 'Virtuwork'가 있습니다. '세종실록'은 지역 문화재 정보와 체험을 제공하는 웹 서비스로, 새로운 문화 체험 자원으로 활용됩니다. 'Virtuwork'는 VR을 활용한 이색 진로 체험 프로그램으로, 다양한 직업의 가치를 탐색할 수 있는 기회를 제공합니다.  '비연탐고'는 실감 경험과 놀이 인간 이론을 기반으로 한 콘텐츠로, 문화유산에 대한 관심과 이해를 높이는 데 도움을 줍니다. 이 작품을 통해 어떤 문화유산을 발굴하고 조립해보고 싶으신가요? 혹은 메타버스에서의 문화 체험에 어떠한 기대를 갖고 계신가요? 여러분의 의견을 듣고 싶습니다. 감사합니다!"
"PROMPT_ONLY",12,"비연탐고",3,0,6446,624,7070,80,"안녕하세요, 여러분! 오늘은 '메타버스 아카데미 수료작품 전시회'에서 소개해드릴 작품을 살펴보겠습니다.  이 작품은 과거 문화유산을 탐험하는 모험을 담은 교육 박물관 VR 프로젝트입니다. 여기에는 문화유산 조각을 발굴하고 조립해 복원하는 콘텐츠가 포함되어 있죠. 이 프로젝트는 메타버스 환경의 특수성과 실감 경험을 통해, '놀이 인간'에 의거한 콘텐츠 모델을 제안합니다. 또한, 문화적 양극화 현상의 해소 방안으로서의 역할을 하며, 새로운 교육 방식을 제시하고 있습니다. 동시에, 이 콘텐츠 자체가 하나의 문화의 장으로써 기여하도록 설계되어 있습니다.  이 작품은 과거와 현재를 이어주는 다리 역할을 하며, 참여자들에게 새로운 시각과 경험을 제공합니다. 문화유산을 탐험하고 복원하는 과정을 통해, 우리는 과거의 지혜와 아름다움을 다시 발견할 수 있습니다. 또한, 메타버스 환경에서의 상호작용과 협업을 통해, 참여자들은 즐겁고 유익한 경험을 할 수 있습니다.  이 작품은 문화유산의 가치를 새롭게 인식하고, 교육과 엔터테인먼트를 절묘하게 결합한 혁신적인 프로젝트로 자리매김하고 있습니다. 여러분도 함께 이 프로젝트를 경험해보며, 문화유산의 보다 깊은 이해와 즐거움을 느껴보시기 바랍니다.  마지막으로, 여러분에게 질문을 하나 드리겠습니다. 어떤 문화유산을 탐험하고 싶으신가요? 그리고 그 문화유산을 복원하고 관리하는 일에 대해 어떤 생각을 가지고 계신가요? 이 작품을 통해 새로운 관점을 찾아보시고, 함께 공유해보는 건 어떨까요? 함께해보시죠! 감사합니다."
"RAG",12,"비연탐고",3,248,6891,571,7710,90,"안녕하세요, 여러분! 오늘은 '메타버스 아카데미 수료작품 전시회'에서 매난국죽 팀의 작품인 '비연탐고'를 소개해 드리겠습니다.  '비연탐고'는 과거 문화유산을 찾는 모험을 담은 교육 박물관 VR 프로젝트로, 문화유산 조각을 발굴하고 조립해 복원하는 콘텐츠를 포함하고 있습니다. 이 작품은 메타버스 환경의 특수성과 실감 경험을 통해 문화적 양극화 현상을 해소하고, 새로운 교육 방식을 제안하며 동시에 콘텐츠 자체가 문화의 장으로 기여하도록 설계되었습니다.  이 작품은 '세종실록'과 'Virtuwork'와 유사한 맥락에서 창의적으로 문화유산을 현대적으로 체험 자원으로 활용하고, 이색 직업 체험과 사회성 향상 교육을 통해 차별화된 가치를 제공합니다.  '비연탐고'는 물리적 한계를 극복한 실감형 박물관, 문화유산에 대한 새로운 관점 제시, 개인화된 경험 제공 등 다양한 장점을 가지고 있습니다. 이 작품은 문화유산 교육의 필요성에 비해 저조한 학습환경을 개선하고, 문화유산 인식 격차를 해소하는 방안을 제시하여 새로운 문화 접근 방식을 제안합니다.  여러분, '비연탐고'는 어떤 문화유산을 발굴하고 조립해 보는 콘텐츠를 제공할까요? 이 작품을 통해 어떻게 실제 공간을 재해석하고 문화유산에 새로운 시각을 제시할 수 있을지 상상해 보세요. 이 작품이 문화교육과 메타버스 환경의 결합이 주는 새로운 가능성에 대해 생각해보시면 어떨까요? 함께 토론해 볼 가치가 있는 주제입니다."
"PROMPT_ONLY",12,"비연탐고",4,0,5921,540,6461,85,"안녕하십니까, 여러분! 저희의 메타버스 아카데미 수료작품 전시회에 오신 것을 환영합니다.  오늘 소개해드릴 작품은 '과거 문화유산을 찾는 모험'을 주제로 한 VR 프로젝트입니다. 이 작품은 문화유산 조각을 발굴하고 조립하여 복원하는 콘텐츠를 담고 있습니다. 메타버스 환경의 특수성과 실감 경험을 통해 과거의 모험을 즐기며, 문화유산을 탐험하는 재미와 교육적 가치를 동시에 누릴 수 있는 작품이죠.  이 프로젝트는 &놀이 인간&에 의거한 콘텐츠 모델을 제안하여, 참여자들이 보다 즐겁고 흥미진진한 경험을 할 수 있도록 합니다. 또한 문화적 양극화 현상의 점진적 해소 방안으로서, 새로운 교육 방식을 제시하며, 콘텐츠 자체가 하나의 문화의 장으로써 기여하도록 독려합니다.  이 작품을 통해 문화유산에 대한 이해를 높일 뿐만 아니라, 메타버스의 잠재력을 활용한 창의적이고 혁신적인 교육 방법을 경험할 수 있습니다. 여러분도 함께 과거의 흔적을 따라 모험을 떠나보시는 건 어떨까요?  마지막으로, 여러분에게 질문을 하나 드리겠습니다. 과거의 문화유산을 탐험하면서 느꼈던 가장 큰 감정은 무엇인가요? 이 작품을 통해 느꼈던 감정을 공유해주시면 더욱 풍부한 전시회 경험을 만끽하실 수 있을 것입니다. 감사합니다!"
"RAG",12,"비연탐고",4,248,7876,508,8632,85,"안녕하세요, 여러분! 오늘은 '메타버스 아카데미 수료작품 전시회'에서 만난 '비연탐고' 작품을 소개해드리겠습니다.  '비연탐고'는 매난국죽 팀이 제작한 VR 프로젝트로, 과거 문화유산을 찾는 모험을 담은 교육 박물관 콘텐츠를 제공합니다. 이 작품은 메타버스 환경의 특수성과 실감 경험을 통해 문화적 양극화 현상을 해소하고 새로운 교육 방식을 제안합니다. 또한, '놀이 인간' 이론에 기반하여 콘텐츠를 제작하여 학습 과정을 흥미롭게 만들어줍니다.  유사 작품 중 '세종실록'은 지역 문화재 정보와 체험을 제공하는 웹 서비스로, 현대적 체험 자원으로 문화유산을 활용합니다. 'Virtuwork'는 VR을 활용한 이색 진로 체험 프로그램으로, 이색 직업을 체험하고 직업의 가치를 탐색할 기회를 제공합니다. 'Codename: Peace Maker'는 AI를 활용한 아동의 사회성 향상을 위한 교육용 게이미피케이션 서비스로, 갈등 상황을 연출하고 아동의 사회적 성향을 파악합니다.  '비연탐고' 작품은 문화유산을 탐험하고 조각을 발굴하여 복원하는 과정을 통해 관람자들에게 새로운 경험을 선사합니다. 이 작품은 문화유산에 대한 관심을 높이고 인식 격차를 해소하는 데 도움이 되는 콘텐츠입니다.  이 작품을 관람하며, 문화유산에 대한 흥미와 이를 통해 얻을 수 있는 새로운 경험에 대해 어떻게 생각하시나요? 문화유산을 탐험하고 발굴하는 과정이 당신에게 어떤 감정을 일으키나요? 함께 고민해보며 '비연탐고'가 제안하는 새로운 교육 방식과 문화 접근 방식에 대해 생각해보시기 바랍니다. 감사합니다!"
"PROMPT_ONLY",12,"비연탐고",5,0,3736,526,4262,60,"안녕하세요, 여러분! 오늘은 '메타버스 아카데미 수료작품 전시회'에서 특별한 작품을 만나보실 거에요. 이 작품은 과거 문화유산을 탐험하는 모험을 담은 교육 박물관 VR 프로젝트를 소개합니다.  여러분은 이 작품을 통해 문화유산 조각을 발굴하고 조립하여 복원하는 콘텐츠를 경험할 수 있어요. 이 프로젝트는 메타버스 환경의 특수성과 실감 경험을 통해 우리에게 새로운 즐거움을 선사하며, '놀이 인간'에 의거한 콘텐츠 모델을 제안합니다.  이 작품은 문화적 양극화 현상의 점진적 해소 방안이자 새로운 교육 방식으로 놀이와 학습을 결합하며, 동시에 콘텐츠 자체가 하나의 문화의 장으로써 기여합니다. 이를 통해 우리는 문화유산을 보존하고 전통을 이어가는 중요성을 느낄 수 있죠.  이 작품은 과거와 현재를 잇는 다리 역할을 하며, 즐거운 경험과 교육적 가치를 동시에 선사합니다. 여러분은 이 작품을 통해 문화유산의 소중함을 깨닫고, 새로운 시선으로 바라볼 수 있을 거에요.  그렇다면, 이 작품을 통해 과거의 보물을 발굴하고 복원하는 즐거움을 경험해보시겠어요? 문화유산을 탐험하며 새로운 학습을 시작해보는 것은 어떨까요? 함께 모험을 떠나볼까요? 이 작품이 여러분에게 새로운 시야를 열어줄 거라고 확신합니다. 함께 해보시죠! 감사합니다."
"RAG",12,"비연탐고",5,263,9125,485,9873,85,"안녕하세요, 여러분! 오늘은 '메타버스 아카데미 수료작품 전시회'에서 특별한 작품을 함께 살펴보겠습니다. 이 작품은 '비연탐고'라는 작품으로, 팀명은 '매난국죽'이고 2025기의 작품입니다.  '비연탐고'는 과거 문화유산을 찾는 모험을 담은 교육 박물관 VR 프로젝트입니다. 이 작품은 문화유산 조각을 발굴하여 조립해 복원하는 콘텐츠를 포함하고 있어요. 이 프로젝트는 메타버스 환경의 특수성과 실감 경험, 그리고 '놀이 인간'에 의거한 콘텐츠 모델을 제안하며, 문화적 양극화 현상의 점진적 해소 방안이자 새로운 교육 방식을 제안합니다.  이 작품은 기존의 VR 콘텐츠가 가지고 있던 단순한 재현을 넘어서, 가상 공간에서 새로운 경험을 제공하고 관람자에게 시점의 전환과 생각의 발판을 제공합니다. 또한, 흥미를 유발하는 콘텐츠를 제공하면서도 학습 자체를 자연스럽게 따라올 수 있는 구조를 제안하고 있습니다.  유사한 맥락의 다른 작품으로는 '세종실록'과 'Virtuwork'가 있습니다. '세종실록'은 현대적인 체험 자원으로 문화유산을 활용하고, 'Virtuwork'은 이색 직업 체험을 통해 진로 탐색을 지원하는 프로젝트입니다.  '비연탐고'의 특장점은 물리적 한계를 극복한 실감형 박물관, 실제 공간을 재해석한 디지털 트윈 기반 환경 구성, 문화유산에 대한 새로운 관점 제시, '놀이'와 같은 인터랙션 체험, 기술을 활용한 개인화된 경험 제공 등이 있습니다.  이 작품을 통해 문화유산에 대한 관심과 이해를 높이는 새로운 방식을 경험할 수 있습니다. 이 작품이 제시하는 문화적 양극화 현상의 해소 방안과 새로운 교육 방식에 대해 어떻게 생각하시나요? 이 작품을 통해 문화 유산에 대한 관심이 높아지고, 새로운 학습 경험을 만들어낼 수 있는 가능성을 느껴보세요. 감사합니다!"
"PROMPT_ONLY",13,"Codename: Peace Maker",1,0,5601,635,6236,85,"안녕하세요, 여러분! 이번에 소개해드릴 작품은 '생성형 AI 기반 아동의 사회성 향상을 위한 교육용 게이미피케이션 서비스'입니다.  이 작품은 아동들의 사회성을 향상시키기 위해 개발된 게이미피케이션 서비스로, 상대방의 이야기를 듣고 이해하는 연습을 할 수 있는 환경을 제공합니다. 생성형 AI 기술을 활용하여 갈등 상황을 연출하고, 아동들이 이를 해결하는 방법을 제시하면 그에 대한 답변을 분석하여 아동의 사회적 성향을 파악할 수 있습니다.  이 작품의 목적은 아동들이 상대방의 입장을 이해하고 존중하는 능력을 키우는 데에 있습니다. 갈등 상황을 통해 상대방의 감정과 생각을 고려하며 해결책을 모색하는 과정을 통해 아동들이 소통과 협력의 중요성을 배울 수 있습니다.  이 작품의 장점은 실제 갈등 상황을 경험하지 않고도 가상환경에서 연습할 수 있다는 점입니다. 또한, AI 기술을 통해 아동들의 반응을 분석함으로써 보다 정확한 피드백을 제공할 수 있어, 개별적인 맞춤 교육이 가능합니다.  이 작품을 통해 아동들은 소통능력과 협력능력을 향상시키며, 사회성을 발전시키는데 도움을 받을 수 있을 것입니다. 그렇다면, 여러분은 이 작품을 통해 어떤 점을 더 배우고 싶으신가요? 혹은, 자신의 사회성을 향상시키는 데에 이런 기술을 활용하고 싶으신가요? 고민해보시고, 함께 이 작품을 통해 새로운 가능성을 탐험해보는 건 어떨까요? 함께 창의적인 소통과 협력을 경험해보시길 바랍니다! 감사합니다."
"RAG",13,"Codename: Peace Maker",1,256,7851,542,8649,98,"안녕하세요, 여러분! 저희 '메타버스 아카데미 수료작품 전시회'에 오신 것을 환영합니다. 오늘 소개해드릴 작품은 '해양천체관측소'팀의 2025기 작품인 'Codename: Peace Maker'입니다.  'Codename: Peace Maker'는 생성형 AI를 기반으로 한 아동의 사회성 향상을 위한 교육용 게이미피케이션 서비스입니다. 이 프로젝트는 아동을 대상으로 상대방의 이야기를 듣고 그 입장을 이해하는 연습을 할 수 있는 게이미피케이션 서비스를 계획 중에 있습니다. 생성형 AI를 사용하여 갈등 상황을 연출하고, 아동이 갈등 상황을 해결할 방법을 제시하면 답변을 분석하여 아동의 사회적 성향을 파악할 수 있는 데이터를 제공하는 것이 목표입니다.  이 작품의 주요 목적은 사회적 갈등을 해결하기 위해 아동 시기의 사회성 교육을 도울 수 있는 가상의 연습 환경을 제공하는 것입니다. 현대 사회에서 발생하는 사회적 갈등은 타인에 대한 이해 부족 등의 다양한 원인이 있지만, 이 프로젝트는 아동 시기부터 타인의 의견을 받아들이고 이해하는 연습을 할 수 있도록 돕는 것을 목표로 하고 있습니다.  'Codename: Peace Maker'의 특장점은 게이미피케이션 방식을 통해 자연스러운 흥미를 유도하여 교육할 수 있는 환경을 제공한다는 점입니다. 이를 통해 아동들이 갈등 상황을 어떻게 해결해야 하는지 스스로 고민하고 상황 인식 및 이해능력을 향상시킬 수 있습니다.  유사한 맥락에서는 'Yellow Whale'팀의 'SUNO'와 'Trouble Shooting'팀의 '너의 목소리가 보여', 그리고 '너울'팀의 'PLANTI'가 있습니다. 이들 작품들도 AI를 활용하여 사회적 문제를 해결하거나 혁신적인 서비스를 제공하는 점에서 'Codename: Peace Maker'와 유사한 측면을 가지고 있습니다.  이렇게 현대 사회에서 발생하는 사회적 문제를 해결하고자 하는 'Codename: Peace Maker'의 노력에 동의하시나요? 작품을 통해 아동들의 사회성 교육을 개선할 수 있는 방법에 대해 어떻게 생각하시는지 궁금합니다. 감사합니다."
"PROMPT_ONLY",13,"Codename: Peace Maker",2,0,8496,695,9191,85,"안녕하세요, 여러분! 이번에 소개해 드릴 작품은 '생성형 AI 기반 아동의 사회성 향상을 위한 교육용 게이미피케이션 서비스'입니다. 이 작품은 아동들을 대상으로 상대방의 이야기를 듣고 그 입장을 이해하는 연습을 할 수 있는 게이미피케이션 서비스를 제공하는 프로젝트입니다.  이 작품의 목적은 아동들이 갈등 상황에서 어떻게 대처해야 하는지 학습하고, 상대방의 입장을 이해하며 사회성을 향상시키는 데에 있습니다. 생성형 AI를 활용하여 갈등 상황을 연출하고, 아동들이 어떻게 해결해야 할지에 대한 가이드를 제시합니다. 이렇게 수집된 데이터를 분석하여 아동의 사회적 성향을 파악하고 더 나은 교육 및 지도를 제공하는 것을 목표로 하고 있죠.  이 작품의 장점은 아동들이 실제 상황을 경험하듯이 갈등 상황에 직면하고, 그 상황을 해결하는 과정을 경험할 수 있다는 것입니다. 게임을 통해 학습하고 경험하는 방식은 아이들의 호기심을 자극하며 즐겁게 배울 수 있는 환경을 제공합니다. 또한, AI 기술을 활용하여 보다 개인화된 학습 경험을 제공하고, 아동들의 사회성을 향상시키는 데에 큰 도움을 줄 수 있습니다.  이 작품을 통해 아이들이 어떻게 갈등 상황을 이해하고 해결할 수 있는지 경험해보며 자신의 사회성을 향상시킬 수 있을 거에요. 그러면 여러분들에게 질문을 드릴게요. 어린 시절에 여러분이 비슷한 게임이나 상황을 통해 사회성을 향상시키는 경험이 있으셨나요? 이러한 경험이 여러분에게 어떤 영향을 미쳤는지 공유해 주시겠어요? 함께 이야기를 공유해보면 더 흥미로운 시간을 보낼 수 있을 거에요. 감사합니다!"
"RAG",13,"Codename: Peace Maker",2,253,10073,632,10958,90,"안녕하세요, 여러분! 오늘은 '메타버스 아카데미 수료작품 전시회'에서 해양천체관측소 팀의 작품 'Codename: Peace Maker'를 소개해 드리겠습니다.  'Codename: Peace Maker'는 생성형 AI 기반의 교육용 게이미피케이션 서비스로, 아동의 사회성 향상을 위해 설계된 작품입니다. 이 프로젝트는 아동을 대상으로 상대방의 이야기를 듣고 이해하는 연습을 할 수 있는 게이미피케이션 서비스를 제공합니다. 생성형 AI를 활용하여 갈등 상황을 연출하고, 아동이 갈등 상황을 해결할 방법을 제시하면 답변을 분석하여 아동의 사회적 성향을 파악할 수 있는 데이터를 제공하는 것이 목표입니다.  이 작품은 현대 사회에서 자주 발생하는 사회적 갈등 문제를 해결하고, 아동 시기부터 사회성 교육을 지원함으로써 타인에 대한 이해를 증진시키는 것을 목적으로 합니다. 게이미피케이션 방식을 통해 자연스러운 흥미를 유도하여 교육할 수 있는 환경을 제공하고 있습니다.  유사 작품으로는 'Yellow Whale' 팀의 'SUNO' 작품과 'Trouble Shooting' 팀의 '너의 목소리가 보여' 작품이 있습니다. 이들 작품도 AI를 활용한 교육적이고 혁신적인 서비스를 제공하며, 각자의 분야에서 사회 문제를 해결하려는 노력을 보여주고 있습니다.  'Codename: Peace Maker'를 통해 아동들이 갈등 상황을 어떻게 받아들이고 해결해야 할지 스스로 고민하고 상황을 인식하는 능력을 향상시킬 수 있습니다. 이 작품은 가상 환경에서 갈등 상황을 연습할 수 있는 기회를 제공하여 현실에서의 사회적 상황에 대처하는 능력을 키우는 데 도움을 줍니다.  이렇게 혁신적이고 교육적인 'Codename: Peace Maker' 작품에 대해 어떠신가요? 이 작품이 아동들의 사회성 교육에 어떤 영향을 줄 수 있는지, 또한 유사 작품들과의 차이점에 대해 궁금하신 점이 있으신가요? 함께 이야기를 나누어 보시면 더욱 흥미로운 전시회가 될 것입니다. 감사합니다!"
"PROMPT_ONLY",13,"Codename: Peace Maker",3,0,5072,493,5565,84,"안녕하세요, 여러분! 이번 전시회에서 소개해드릴 작품은 '아동의 사회성 향상을 위한 교육용 게이미피케이션 서비스'입니다. 이 작품은 생성형 AI 기술을 활용하여 아동들이 상대방의 이야기를 듣고 이해하는 연습을 할 수 있는 게이미피케이션 서비스를 제안하고 있습니다.  이 작품의 주요 목적은 아동들이 갈등 상황을 경험하고 해결하는 과정을 통해 사회성을 향상시키는 데에 있습니다. 생성형 AI를 활용하여 갈등 상황을 연출하고, 아동들이 이를 어떻게 해결할지 제시하면, 그에 대한 답변을 분석하여 아동의 사회적 성향을 파악하는 데이터를 수집하고자 합니다.  이 작품의 장점은 현실적인 상황을 시뮬레이션하여 아동들이 실제 사회적 문제에 대해 생각하고 대화하는 기회를 제공한다는 점입니다. 또한, 생성형 AI를 통해 다양한 갈등 상황을 제시할 수 있어 아동들의 사고력과 문제 해결 능력을 촉진할 수 있습니다.  이 작품을 통해 아동들은 상대방의 입장을 이해하고 존중하는 태도를 배울 수 있을 뿐만 아니라, 자신의 감정을 효과적으로 표현하고 타인과 소통하는 방법을 향상시킬 수 있을 것입니다.  그렇다면, 여러분도 한번 상대방의 입장을 생각해보며 갈등 상황을 어떻게 해결할지 상상해보는 것은 어떨까요? 혹은 자신이 비슷한 상황을 겪었을 때 어떻게 대처했는지 되새겨보는 것도 좋은 학습이 될 것입니다. 감사합니다."
"RAG",13,"Codename: Peace Maker",3,266,6023,1144,7433,95,"안녕하세요, 여러분! 저희는 '해양천체관측소' 팀에서 2025기로 진행한 프로젝트인 'Codename: Peace Maker'를 소개해드리겠습니다.  'Codename: Peace Maker'는 아동의 사회성 향상을 위한 교육용 게이미피케이션 서비스로, 생성형 AI를 활용하여 아동들이 상대방의 이야기를 듣고 이해하는 연습을 할 수 있는 환경을 제공합니다. 이 프로젝트는 아동들이 갈등 상황을 연습하고 해결하는 방법을 학습하면서, 그들의 사회적 성향을 파악할 수 있는 데이터를 제공하는 것을 목표로 하고 있습니다.  이 프로젝트는 아동들이 가상의 갈등 상황을 경험하고 각 등장인물의 의견을 듣고 이해하는 연습을 할 수 있는 게이미피케이션 방식을 통해 자연스럽게 교육할 수 있는 환경을 제공합니다. 게임을 플레이하는 과정에서 다양한 경험을 제공하며, AI를 활용하여 개인 맞춤형 교육을 제공하는 것이 특징입니다.  유사한 맥락의 다른 프로젝트들인 'SUNO'와 '너의 목소리가 보여', 'PLANTI'은 각자의 분야에서 AI를 활용하여 사회적 문제를 해결하거나 혁신적인 서비스를 제공하고 있습니다. 이들과 'Codename: Peace Maker'은 모두 AI 기술을 활용하여 사회적 문제에 접근하고, 혁신적인 솔루션을 제시하고 있습니다.  마지막으로, 'Codename: Peace Maker'를 통해 아동들이 어떤 갈등 상황을 경험하고 이를 어떻게 해결해야 하는지에 대해 고민하며 상황 인식과 이해능력을 향상시킬 수 있습니다. 여러분은 이 프로젝트를 통해 어떤 사회적 문제를 해결하고자 하는지, 그리고 자신의 사회적 성향을 파악하는 데 AI 기술이 어떻게 활용될 수 있는지 고민해보시기 바랍니다. 감사합니다!"
"PROMPT_ONLY",13,"Codename: Peace Maker",4,0,6232,698,6930,85,"안녕하세요, 여러분! 이 작품은 '생성형 AI 기반 아동의 사회성 향상을 위한 교육용 게이미피케이션 서비스'를 소개합니다. 이 프로젝트는 아동들이 상대방의 이야기를 듣고 그 입장을 이해하는 연습을 할 수 있는 게이미피케이션 서비스를 제공하는데 초점을 맞추고 있어요.  여기서 사용된 생성형 AI 기술은 갈등 상황을 연출하고, 아동들이 이를 어떻게 해결할지에 대한 과제를 부여합니다. 아동들이 제시한 답변은 분석되어, 아동들의 사회적 성향을 파악하는 데 활용됩니다. 이를 통해 아동들의 사회성 향상을 도모하고, 상호 이해와 공감 능력을 향상시키는 데 기여할 것으로 기대되는 작품입니다.  이 작품의 장점은 아동들이 놀이를 통해 즐겁게 학습을 할 수 있고, 상황에 대한 다양한 관점을 배울 수 있다는 점입니다. 또한, 생성형 AI를 활용하여 개인 맞춤형 학습 경험을 제공하여 아동들의 성장과 발전을 돕는다는 점도 매력적이에요.  이 작품을 통해 아동들은 어떻게 사회성을 향상시킬 수 있는지 배우게 되며, 다양한 갈등 상황 속에서 어떻게 대처해야 하는지에 대한 통찰력을 얻을 수 있습니다. 여러분도 한 번 상상해 보세요. 만약 당신이 아동이라면, 이런 게이미피케이션 서비스를 통해 어떤 경험을 하고 싶으실까요? 공감과 이해의 세계로 여행하는 것, 그 경험은 분명히 놀라우실 거예요. 이 작품이 당신에게 미래의 가능성을 보여주길 바라며, 지금까지의 전시를 즐겨주셔서 감사합니다!"
"RAG",13,"Codename: Peace Maker",4,256,9051,493,9800,95,"안녕하세요, 여러분! 오늘은 '해양천체관측소' 팀의 2025기 수료작품인 'Codename: Peace Maker'를 살펴보겠습니다.  'Codename: Peace Maker'는 생성형 AI를 기반으로 한 아동의 사회성 향상을 위한 교육용 게이미피케이션 서비스입니다. 이 프로젝트는 아동들이 상대방의 이야기를 듣고 이해하는 연습을 할 수 있는 환경을 제공함으로써, 갈등 상황을 연출하고 해결책을 제시하여 아동의 사회적 성향을 파악하는 데이터를 제공하는 것을 목표로 합니다.  이 프로젝트는 아동들이 타인의 의견을 이해하고 받아들이는 능력을 키우기 위한 게이미피케이션 방식을 사용하여 교육할 수 있는 환경을 제공합니다. 가상 환경에서 갈등 상황을 이해하고 각 등장인물의 의견을 듣고 이해하는 연습을 할 수 있도록 만들어져 있습니다.  유사한 맥락의 다른 작품으로는 'Yellow Whale' 팀의 'SUNO'와 'Trouble Shooting' 팀의 '너의 목소리가 보여', 그리고 '너울' 팀의 'PLANTI'를 예로 들 수 있습니다. 이들 역시 AI를 활용하여 사회 문제를 해결하거나 혁신적인 서비스를 제공하는 방향으로 작품을 개발하고 있습니다.  'Codename: Peace Maker'는 아동의 사회성 교육을 게이미피케이션 방식으로 흥미롭게 제공하며, 갈등 상황을 다루는 능력을 향상시키는 데 도움을 줍니다. 이 작품을 통해 아이들은 어떻게 타인과의 갈등을 해결하고 상대방을 이해하는 능력을 키울 수 있을까요? 이런 교육용 게이미피케이션 서비스가 실제로 아이들의 사회성 향상에 어떤 영향을 미칠지 고민해보시면 좋을 것 같아요. 혹시 여러분이 아이들과 함께 이용해보고 싶은 교육용 게임이 있다면 무엇인가요? 함께 고민해보시면 재미있을 것 같습니다. 이런 교육용 게임이 아이들의 성장과 발달에 어떤 도움을 줄지 생각해보시면 더욱 흥미로울 것 같아요. 감사합니다!"
"PROMPT_ONLY",13,"Codename: Peace Maker",5,0,6528,1752,8280,90,"안녕하세요, 여러분! 저희는 '메타버스 아카데미 수료작품 전시회'에서 만나뵙게 된 벡시입니다. 오늘은 한 팀이 준비한 특별한 작품을 소개해드리려고 합니다.  이 작품은 생성형 AI를 활용한 아동의 사회성 향상을 위한 교육용 게이미피케이션 서비스에 대한 프로젝트입니다. 여러분들도 아시다시피, 아이들이 상대방의 이야기를 듣고 그 입장을 이해하는 연습은 매우 중요합니다. 이 작품은 아동들이 갈등 상황을 경험하고, 그를 해결하는 방법을 학습할 수 있는 게이미피케이션 서비스를 제공합니다.  생성형 AI를 활용하여 갈등 상황을 연출하고, 아동들이 이를 어떻게 해결할지에 대한 답변을 분석함으로써 아동의 사회적 성향을 파악할 수 있는 데이터를 제공하는 것이 이 작품의 목적입니다. 이를 통해 아이들이 상황을 이해하고 적절한 대응 방법을 습득할 수 있도록 도와줍니다.  이 작품의 장점은 바로 아이들이 게임을 통해 즐겁게 학습할 수 있다는 점입니다. 게임의 요소를 활용하여 갈등 상황을 실제로 경험하고, 상황을 해결하는 방법을 찾아내는 과정에서 더 많은 것을 배울 수 있습니다.  그럼, 여러분들도 한번 상상해보세요. 만약에 여러분이 이 게임을 플레이한다면, 어떤 갈등 상황을 경험하고 어떤 해결책을 찾을 건가요? 이 작품을 통해 어떤 새로운 인사이트를 얻을 수 있을지, 함께 상상해보는 건 어떨까요? 함께 이 작품을 통해 새로운 시각을 발견해보시길 바라며, 이만 소개를 마치도록 하겠습니다. 감사합니다!"
"RAG",13,"Codename: Peace Maker",5,275,9376,574,10225,95,"안녕하세요, 여러분! 오늘은 '메타버스 아카데미 수료작품 전시회'에서 만나게 되어 반가워요. 저희 팀인 해양천체관측소에서 선보이는 작품 'Codename: Peace Maker'를 소개해드리겠습니다.  'Codename: Peace Maker'는 아동의 사회성 향상을 위한 교육용 게이미피케이션 서비스로, 생성형 AI를 기반으로 한 서비스입니다. 이 작품은 아동을 대상으로 상대방의 이야기를 듣고 이해하는 연습을 할 수 있는 가상환경을 제공하는 것을 목표로 하고 있어요. 갈등 상황을 연출하여 아동이 문제를 해결하는 방법을 제시하고, 그에 대한 답변을 분석하여 아동의 사회적 성향을 파악하는 데이터를 제공합니다.  이 작품은 게이미피케이션 방식을 통해 자연스러운 흥미를 유도하여 교육할 수 있는 환경을 제공하고 있어요. 아동들이 갈등 상황을 어떻게 받아들이고 해결해야 하는지 스스로 고민하고 상황 인식 및 이해능력을 향상시킬 수 있도록 도와줍니다.  이 작품은 유사한 컨셉을 가진 다른 작품들과도 연관성이 있어요. 예를 들어, 'SUNO'라는 작품은 우울증 및 치료에 대한 인식을 높이기 위한 생성형 AI를 활용한 비주얼 노벨 게임이며, 'PLANTI'는 AI와 IoT 기술을 활용한 스마트팜 시스템을 소개하는 작품이에요. 이들과 'Codename: Peace Maker'는 모두 기술을 활용하여 사회 문제를 해결하고자 하는 공통된 목표를 가지고 있습니다.  이렇게 'Codename: Peace Maker'는 아동의 사회성 교육을 위한 혁신적인 방법을 제시하고, 게이미피케이션을 통해 효과적인 학습을 유도하는 작품입니다. 이 작품을 통해 아동들이 갈등 상황에 대처하는 능력을 향상시킬 수 있을 것입니다.  작품을 관람하시면서, 아동들의 사회성 교육에 대한 새로운 시각을 얻으실 수 있을 거예요. 이 작품을 통해 아동들이 어떻게 사회적인 문제를 해결하고 이해하는지에 대해 고민해보시기 바랍니다. 어떤 상황에서 당신은 어떤 선택을 할 것인가요? 이 작품이 여러분에게 미래 사회에 대한 새로운 아이디어를 제공해줄 것입니다. 감사합니다!"
"PROMPT_ONLY",14,"SUNO",1,0,7061,440,7501,90,"안녕하세요, 여러분! 오늘은 '메타버스 아카데미 수료작품 전시회'에서 볼 수 있는 특별한 작품을 소개해드리겠습니다. 이번 작품은 현재 사회문제로 대두되고 있는 우울증 및 치료에 대한 인식 개선과 관심도 증가를 목표로 개발된, 생성형 AI를 활용한 비주얼 노벨 게임 콘텐츠입니다.  이 작품은 생성형 AI NPC를 활용하여 다양한 플레이와 자유도를 증가시킴으로써 플레이어들에게 더욱 풍부한 경험을 제공합니다. 게임 속 NPC는 플레이어의 실력과 진행 속도에 맞게 힌트의 빈도와 강도를 조절해주어, 균형 잡힌 개인 맞춤형 플레이 경험을 제공하는 것을 목표로 합니다.  이 작품은 우울증과 같은 중요한 문제에 대한 인식을 높이고, 치료에 대한 관심을 증가시키는 데 도움을 줄 뿐만 아니라, 게임 콘텐츠를 통해 즐거움과 동시에 깊이있는 경험을 선사합니다. 플레이어들은 자신만의 특별한 경험을 만들어나갈 수 있을 것입니다.  이 작품을 통해 우울증과 같은 주제에 대한 인식을 높이고, 게임을 통해 즐거움을 느끼며 동시에 자아를 발견해볼 수 있습니다. 여러분은 자신에게 주어진 힌트와 도전을 통해 어떤 새로운 발견을 할 수 있을지, 그리고 혹시 자신의 우울증에 대한 인식이 변화할지 궁금하시지 않으신가요? 함께 탐험해보세요!"
"RAG",14,"SUNO",1,316,8878,583,9777,95,"안녕하세요, 여러분! 오늘은 Yellow Whale 팀이 개발한 SUNO라는 작품을 살펴보겠습니다.  SUNO는 우울증 및 치료에 대한 인식 개선과 관심도 증가를 목표로 한 생성형 AI를 활용한 비주얼 노벨 게임 콘텐츠입니다. 이 작품은 생성형 AI NPC를 활용하여 게임의 자유도와 플레이어 경험을 향상시키는 것이 주된 특징입니다. NPC가 플레이어와 대화를 나누며 플레이어의 실력과 진행 속도에 맞게 힌트를 제공하여 맞춤형 플레이 경험을 제공합니다.  SUNO는 우울증의 전조 증상과 사회적 변화를 스토리를 통해 경험할 수 있도록 구성되어 있습니다. 이를 통해 우울증에 대한 인식을 개선하고, 정신 건강 문제에 대한 이해와 공감 능력을 높일 수 있습니다. 또한, 게임 내 스토리 전개를 통해 우울증에 대한 사회적 인식을 개선하고, 정신 건강 문제에 대한 이해와 공감 능력을 높일 수 있는 학습 효과를 기대할 수 있습니다.  유사 작품으로는 해양천체관측소 팀의 Codename: Peace Maker와 Abora 팀의 Echo 등이 있습니다. 이들 작품들도 AI 기술을 활용하여 각자의 목적을 달성하고자 노력하고 있습니다.  이 작품이 우울증에 대한 인식과 치료에 대한 사고를 바꾸는 데 어떤 영향을 줄 수 있을지, 여러분은 어떻게 생각하시나요? SUNO가 제안하는 새로운 게임 경험이 여러분의 시선을 어떻게 바꿀지, 한번 상상해 보세요. 혹은 여러분이 이 작품을 플레이하며 느낀 감정이 무엇인지, 공유해주시면 좋겠습니다.  마지막으로, SUNO를 플레이하면서 우울증에 대한 인식이 어떻게 변화할지, 혹은 AI가 우리의 삶에 미치는 영향에 대해 생각해 보세요. 이 작품이 여러분에게 어떤 영감을 줄지, 함께 고민해 보시기 바랍니다. 감사합니다!"
"PROMPT_ONLY",14,"SUNO",2,0,6009,536,6545,85,"안녕하세요, 여러분! 오늘은 '메타버스 아카데미 수료작품 전시회'에서 소개해 드릴 작품을 소개해 드리겠습니다. 이 작품은 현재 사회문제로 대두되고 있는 우울증 및 치료에 대한 인식 개선 및 관심도 증가를 목표로 개발된, 생성형 AI를 활용한 비주얼 노벨 게임 콘텐츠입니다.  이 작품은 생성형 AI NPC를 활용하여 게임의 다양한 플레이와 자유도를 높였습니다. NPC가 플레이어의 실력과 진행 속도에 맞춰 힌트의 빈도와 강도를 조절함으로써, 균형 잡힌 개인 맞춤형 플레이 경험을 제공합니다. 이를 통해 플레이어들은 자신에게 맞는 도전을 경험하며 게임을 즐길 수 있습니다.  이 작품의 가장 큰 장점은 개개인에게 맞춤형으로 제작된 게임 경험을 제공한다는 점입니다. 우울증과 같은 심리적인 문제에 대한 이해와 인식을 높일 뿐만 아니라, 게임을 즐기면서 자신을 발전시킬 수 있는 기회를 제공합니다.  그럼, 여러분들도 이 작품을 플레이하면서 자신을 발전시키고, 즐거운 경험을 즐길 수 있을 거예요. 이 작품을 플레이하면서 어떤 새로운 지식이나 감정을 느끼게 될지, 기대가 되지 않나요? 함께 이 작품을 경험하며 새로운 세계를 탐험해보세요! 감사합니다."
"RAG",14,"SUNO",2,249,7148,705,8102,90,"안녕하세요, 여러분! 오늘은 Yellow Whale 팀이 개발한 'SUNO'라는 작품에 대해 함께 알아보겠습니다.  'SUNO'는 생성형 AI를 활용한 비주얼 노벨 게임으로, 우울증 및 치료에 대한 인식 개선과 관심도 증가를 목표로 합니다. 이 작품은 게임 내에서 생성형 AI NPC를 활용하여 플레이어에게 다양한 플레이 경험과 자유도를 제공합니다. NPC는 플레이어의 실력과 진행 속도에 맞춰 힌트를 조절하여 개인 맞춤형 플레이 경험을 제공합니다.  주요 특징은 게임 내에서 자유롭게 NPC와 대화할 수 있는 시스템을 구현했다는 점입니다. 이를 통해 플레이어는 정형화된 선택지가 아닌 자신만의 방식으로 대화하고 반응할 수 있어 더욱 몰입감 있는 플레이를 경험할 수 있습니다. 게임 내 스토리를 통해 우울증의 전조 증상과 심리적 변화를 경험하게 함으로써 우울증에 대한 사회적 인식을 개선하고, 정신 건강 문제에 대한 이해와 공감 능력을 높이는 학습 효과를 제공합니다.  이 작품은 우울증에 대한 인식과 치료에 대한 생각을 더욱 넓히고자 합니다. 이와 유사한 맥락으로는 다른 팀이 개발한 'Codename: Peace Maker'와 'Echo' 같은 작품들이 있습니다. 이들도 AI 기술을 활용하여 사회문제에 대한 인식을 높이고자 노력하고 있습니다.  마지막으로, 여러분에게 질문을 드리겠습니다. 우울증에 대한 인식을 개선하고 치료에 대한 관심을 높이는 데는 어떤 방법들이 더욱 효과적일까요? 여러분의 생각을 공유해 주시면 좋을 것 같습니다. 감사합니다!"
"PROMPT_ONLY",14,"SUNO",3,0,6526,527,7053,90,"안녕하세요, 여러분! 이번 전시회에서 소개해드릴 작품은 '생성형 AI를 활용한 비주얼 노벨 게임 콘텐츠'입니다. 이 작품은 우울증 및 치료에 대한 인식 개선과 관심도 증가를 목표로 개발되었어요.  이 작품은 생성형 AI NPC를 활용하여 게임의 다양한 플레이와 자유도를 높였답니다. 게임 속 NPC는 플레이어의 실력과 진행 속도에 맞춰 힌트 빈도와 강도를 조절해주어, 균형 잡힌 개인 맞춤형 플레이 경험을 제공하고자 합니다. 이를 통해 플레이어들은 자신에게 맞는 속도와 난이도로 게임을 즐길 수 있게 되었죠.  이 작품의 가장 큰 장점은 바로 플레이어 중심의 맞춤형 경험을 제공한다는 점이에요. 각 플레이어의 실력과 요구에 맞게 NPC가 반응하므로, 누구나 게임을 편안하게 즐길 수 있답니다. 또한, 우울증에 대한 인식 개선과 치료에 대한 관심을 높일 수 있는 콘텐츠로서도 주목받고 있어요.  이 작품을 관람하시면서 한 가지 궁금증이 생겼을지도 모르겠어요. 생성형 AI를 활용한 게임 콘텐츠가 미래의 게임 산업을 어떻게 변화시킬 수 있을까요? 혹은 우울증과 같은 사회문제를 다루는 게임이 우리 사회에 미치는 영향에 대해 어떻게 생각하시나요? 이 작품을 통해 다양한 아이디어와 생각을 공유해보세요! 즐거운 전시 관람 되세요! 감사합니다."
"RAG",14,"SUNO",3,265,10562,576,11403,90,"안녕하세요, 여러분! 오늘은 Yellow Whale 팀이 개발한 2025기 작품인 'SUNO'를 살펴보겠습니다.  'SUNO'는 생성형 AI를 활용한 비주얼 노벨 게임으로, 우울증과 치료에 대한 인식 개선 및 관심도 증가를 목표로 합니다. 이 작품은 생성형 AI NPC를 활용하여 플레이어에게 다양한 플레이와 자유도를 제공하며, 플레이어의 실력과 진행 속도에 맞춰 힌트를 조절하여 개인 맞춤형 플레이 경험을 제공합니다.  특히, 'SUNO'는 게임 내 스토리를 통해 우울증의 전조 증상과 심리적 변화를 자연스럽게 전달하여 우울증에 대한 사회적 인식을 개선하고, 정신 건강 문제에 대한 이해와 공감을 높일 수 있습니다. 이를 통해 플레이어들에게 균형 잡힌 경험을 제공하고, 정신 건강에 대한 관심과 공감을 유도하는 것을 주요 목표로 삼고 있습니다.  이 작품은 사회문제에 대한 인식 개선과 함께, 게임 산업과 인공지능 기술의 융합을 통해 창의적이고 독특한 경험을 제공합니다. 또한, 'SUNO'와 유사한 컨셉을 가진 작품들도 있습니다. 예를 들어, AI를 활용한 교육용 게이미피케이션 서비스나 다양한 관점을 제공하는 사고 확장형 AI 플랫폼 등이 있습니다.  이렇게 'SUNO'는 우울증과 치료에 대한 인식을 높이는 동시에, 색다른 게임 경험과 인공지능 기술의 활용을 통해 새로운 가능성을 모색하고 있습니다. 여러분은 'SUNO'를 경험하며, 우울증에 대한 인식과 이해를 높이며, 독특한 게임 경험을 즐길 수 있을 것입니다.  마지막으로, 'SUNO'를 플레이하면서 우울증에 대한 인식이 어떻게 변화하는지, 자신만의 방식으로 게임을 즐기는 과정에서 느낀 감정들을 공유해보시는 건 어떨까요? 이 작품을 통해 자신의 정서와 우울증에 대한 관심을 다시 한 번 돌아보는 좋은 계기가 될 것입니다. 즐거운 관람 되세요!"
"PROMPT_ONLY",14,"SUNO",4,0,5750,585,6335,85,"안녕하세요, 여러분! 오늘은 '생성형 AI를 활용한 비주얼 노벨 게임 콘텐츠'를 즐길 수 있는 작품에 대해 소개해드리겠습니다. 이 작품은 우울증 및 치료에 대한 인식 개선과 관심도 증가를 목표로 개발되었습니다.  이 작품은 생성형 AI NPC를 활용하여 플레이어에게 다양한 경험과 자유도를 제공합니다. AI NPC가 플레이어의 실력과 진행 속도에 맞춰 힌트의 빈도와 강도를 조절하여 균형 잡힌 맞춤형 플레이 경험을 제공합니다. 이를 통해 플레이어들은 즐겁고 도전적인 게임 경험을 할 수 있을 뿐만 아니라, 우울증과 치료에 대한 인식을 높여주는 콘텐츠로써의 역할도 함께 합니다.  이 작품의 장점은 바로 플레이어들이 자신에게 맞는 경험을 즐길 수 있다는 점입니다. AI NPC의 조절 기능을 통해 플레이어들은 게임을 보다 자신만의 방식으로 즐길 수 있습니다. 또한, 우울증과 치료에 대한 인식을 높이는 측면에서도 이 작품은 중요한 역할을 할 것입니다.  이 작품을 경험하면서, 우울증에 대한 새로운 시각을 얻을 수 있을 뿐만 아니라, 다양한 퍼즐과 이야기를 풀어내며 게임을 즐길 수 있을 것입니다. 그렇다면, 여러분은 이 작품을 플레이하면서 어떤 새로운 경험을 얻고 싶으신가요? 어떤 종류의 게임이 가장 흥미로우신가요? 함께 이 작품을 통해 새로운 세계를 탐험해보세요!"
"RAG",14,"SUNO",4,300,8150,1152,9602,85,"안녕하세요, 여러분. '메타버스 아카데미 수료작품 전시회'에 오신 것을 환영합니다. 오늘은 Yellow Whale 팀의 2025기 작품인 'SUNO'에 대해 소개해 드리겠습니다.  'SUNO'는 생성형 AI를 활용한 비주얼 노벨 게임으로, 우울증 및 치료에 대한 인식 개선 및 관심도 증가를 목표로 개발되었습니다. 이 게임은 생성형 AI NPC를 활용하여 플레이어에게 다양한 플레이 경험과 자유도를 제공합니다. NPC는 플레이어의 실력과 진행 속도에 따라 힌트를 조절하여 균형 잡힌 맞춤형 플레이 경험을 제공합니다.  이 작품의 가장 큰 특징은 자유도 높은 NPC와의 대화 시스템을 구현한 것입니다. 플레이어는 정형화된 선택지가 아닌 자신만의 방식으로 질문하고 반응할 수 있어, 더욱 몰입감 있는 플레이를 경험할 수 있습니다. 게임 내 스토리를 통해 우울증의 전조 증상과 심리적 변화를 체험할 수 있어, 우울증에 대한 인식을 개선하고 정신 건강 문제에 대한 이해와 공감 능력을 높일 수 있습니다.  유사한 맥락으로는 해양천체관측소 팀의 'Codename: Peace Maker'와 Abora 팀의 'Echo'가 있습니다. 이들은 각각 아동의 사회성 향상을 위한 게이미피케이션 서비스와 사고 확장형 AI 플랫폼을 통해 사용자에게 다양한 관점과 사고 방식을 제공하는 것을 목표로 하고 있습니다.  마지막으로, 'SUNO'가 우울증에 대한 인식과 치료에 대한 생각을 바꾸는 데 어떤 영향을 미칠지 궁금할 것입니다. 이 작품이 우울증에 대한 사회적 인식을 개선하고 정신 건강에 대한 관심을 높이는 데 어떤 역할을 할 수 있는지 고민해보시면 좋을 것 같습니다. 감사합니다. 이상으로 'SUNO' 작품 소개를 마치도록 하겠습니다. 계속해서 작품들을 즐겨보세요!"
"PROMPT_ONLY",14,"SUNO",5,0,3395,1086,4481,90,"안녕하세요, 여러분! 오늘은 현대 사회에서 큰 관심을 받고 있는 우울증과 치료에 대한 새로운 시각을 제시하는 작품을 소개해 드리겠습니다.  이 작품은 생성형 AI를 활용한 비주얼 노벨 게임 콘텐츠로, 우울증과 치료에 대한 인식 개선과 관심도 증가를 목표로 합니다. 게임 내에서 생성형 AI NPC가 등장하여 플레이어와 상호작용하며, 게임의 다양한 플레이 및 자유도를 높여줍니다. 또한, 이 NPC는 플레이어의 실력과 진행 속도에 따라 힌트의 빈도와 강도를 조절하여, 각자에게 맞춤형 플레이 경험을 제공합니다.  이 작품의 가장 큰 장점은 바로 개인 맞춤형 서비스를 제공한다는 점입니다. 각 플레이어의 특성과 요구에 맞게 AI가 반응하고 조절하여, 보다 나은 게임 경험을 선사합니다. 뿐만 아니라, 우울증과 치료에 대한 인식을 높이고 이에 대한 대화와 이해를 촉진하는 데 기여할 수 있습니다.  이 작품을 관람하면서 여러분은 현대 사회에서 중요한 이슈인 우울증과 치료에 대한 새로운 시각을 얻을 수 있을 것입니다. 그렇다면, 우울증에 대한 개선된 이해가 어떻게 우리의 삶에 영향을 미칠지, 여러분은 어떤 방식으로 이 작품을 활용하고 싶은가요? 함께 고민해보시면 좋을 것 같습니다. 감사합니다!"
"RAG",14,"SUNO",5,284,7653,567,8504,85,"안녕하세요, 여러분! 오늘은 Yellow Whale 팀이 개발한 2025기 작품 'SUNO'에 대해 소개해 드리겠습니다.  'SUNO'는 우울증 및 치료에 대한 인식 개선과 관심도 증가를 목표로 하는 생성형 AI를 활용한 비주얼 노벨 게임 콘텐츠입니다. 이 작품은 생성형 AI NPC를 활용하여 플레이어에게 다양한 플레이 및 자유도를 제공하며, NPC가 플레이어의 실력과 진행 속도에 맞춰 힌트를 조절하여 균형 잡힌 맞춤형 플레이 경험을 제공합니다.  게임 내 스토리를 통해 우울증의 전조 증상과 심리적 변화를 체험하고, 우울증에 대한 사회적 인식을 개선하며, 정신 건강 문제에 대한 이해와 공감 능력을 높이는 것을 목표로 합니다. 특히, 게임 내에서 플레이어는 자신만의 방식으로 질문하고 반응할 수 있어 보다 몰입도 높은 플레이를 경험할 수 있습니다.  이 작품은 우울증에 대한 인식과 치료에 대한 생각을 바꾸는 데 기여할 수 있는 유용한 도구가 될 것으로 기대됩니다.  유사 작품으로는 해양천체관측소 팀의 'Codename: Peace Maker'나 Abora 팀의 'Echo'와 같이 AI를 활용하여 사회 문제에 대한 인식을 개선하고 사람들의 사고를 확장시키는 작품들이 있습니다.  이 작품을 관람하시면 우울증에 대한 새로운 시선을 얻을 수 있을 것입니다. 그러면 여러분은 자신의 정신 건강에 대해 어떻게 생각하시나요? 정신 건강에 대한 개선을 위해 무엇을 할 수 있을까요? 함께 고민해 보는 시간이 될 것입니다. 감사합니다."
"PROMPT_ONLY",15,"Echo",1,0,6040,502,6542,85,"안녕하세요, 여러분! 이번 전시회에서 소개해드릴 작품은 '사고 확장형 AI 플랫폼'을 활용한 창의적 사고를 촉진하는 AI 시스템입니다. 이 작품은 사용자에게 다양한 관점을 제공하여 정답만을 추구하는 것을 벗어나, 비판적 사고와 창의적 사고를 유도하는 것을 목표로 개발되었습니다.  이 AI 시스템은 각기 다른 관점에서 사용자의 질문을 해석하고 대화를 나누며, 토론을 통해 다양한 아이디어를 도출할 수 있는 구조로 이루어져 있습니다. 사용자들은 이를 통해 자신의 사고를 확장시키고 새로운 시각을 얻을 수 있습니다. 이는 단순히 정보를 주는 것을 넘어, 사용자들의 사고 방식을 변화시키고 보다 창의적인 문제 해결 능력을 키워줍니다.  이 작품의 가장 큰 장점은 바로 창의적 사고를 촉진한다는 점입니다. 사용자들은 AI 시스템을 통해 다양한 아이디어와 의견을 들을 수 있으며, 이를 바탕으로 자신만의 창의적인 해결책을 찾아나갈 수 있습니다. 또한, 토론을 통해 자신의 의견을 논리적으로 전개하고 타인의 의견을 이해하는 능력을 향상시킬 수도 있습니다.  이 작품을 통해 우리는 어떻게 하면 창의적으로 문제를 해결할 수 있는지 배울 수 있습니다. 그렇다면, 여러분은 어떻게 하면 이 AI 시스템을 활용하여 더 창의적인 아이디어를 발전시킬 수 있을지 고민해보시겠어요? 이 작품이 여러분의 사고 방식을 어떻게 변화시킬지, 함께 상상해보는 것도 재미있을 것 같네요. 그럼, 이번 작품을 통해 창의적인 사고의 매력에 빠져보시기 바랍니다!"
"RAG",15,"Echo",1,315,9653,655,10623,96,"안녕하세요, 여러분! 오늘은 '메타버스 아카데미 수료작품 전시회'에서 Abora 팀의 작품 'Echo'에 대해 소개해 드리겠습니다.  'Echo'는 사용자에게 다양한 관점을 제공하여 사고를 확장시키는 AI 플랫폼으로, 비판적 사고와 창의적 사고를 촉진하는 것을 목표로 개발되었습니다. 기존의 정답 중심적인 AI 방식을 벗어나 여러 AI 아바타들이 서로 다른 관점으로 의견을 제시하고 대화하는 토론형 AI 시스템을 구축한 사례입니다.  이 작품은 다양성과 창의성을 중요시하는 현대 사회에 적합한 솔루션이며, 사용자가 단순히 정보를 소비하는 것을 넘어 질문을 던지고 다양한 시각을 경험하며 자신의 사고를 확장할 수 있는 기회를 제공합니다. 이를 통해 사용자의 비판적 사고력과 창의성을 향상시키며, 복잡한 문제에 대한 새로운 해결책을 탐색할 수 있습니다.  유사한 작품으로는 해양천체관측소 팀의 'Codename: Peace Maker'와 Trouble Shooting 팀의 '너의 목소리가 보여', 그리고 너울 팀의 'PLANTI'이 있습니다. 이들도 각자의 방식으로 AI를 활용하여 사회적 문제를 해결하거나 혁신을 이끌어내는 작품들입니다.  여러분들은 어떻게 생각하시나요? AI를 활용한 다양한 관점 제시가 사용자에게 어떤 영향을 줄 수 있을까요? 이러한 플랫폼이 우리 사회나 교육에 어떤 새로운 가능성을 제시할 수 있을지 고민해보는 것도 재미있을 것 같습니다. 함께 이야기를 나눠보시죠!"
"PROMPT_ONLY",15,"Echo",2,0,8135,426,8561,90,"안녕하세요, 여러분! 저희의 전시회를 찾아주셔서 감사합니다. 오늘 소개해 드릴 작품은 '다양한 관점을 제공하는 사고 확장형 AI 플랫폼'을 소개하는 작품입니다.  이 작품은 사용자에게 다양한 관점을 제공하고 사고를 확장시키는 AI 기술의 필요성을 강조합니다. 이 AI는 오직 정답을 찾는 것이 아니라, 사용자들에게 비판적 사고와 창의적 사고를 촉진하고자 합니다. 이를 위해 다양한 관점에서 질문을 해석하고 사용자와 대화하는 토론형 AI 시스템을 구축했습니다.  이 작품은 사용자들이 단순히 정답을 찾는 것을 넘어서, 문제에 대해 다양한 시각으로 바라볼 수 있도록 도와줍니다. 또한, 사용자들이 자신의 생각을 더욱 깊이 있게 고민하고 탐구할 수 있도록 도와줍니다.  이 작품은 우리의 사고 방식을 확장시키고, 새로운 아이디어를 도출하는 데 큰 도움을 줄 것입니다. 여러분은 이 작품을 통해 어떻게 새로운 관점을 경험하고 창의적으로 사고할 수 있는지 궁금하지 않으신가요?  한편, 이 작품은 사용자들이 더 넓은 시야에서 세상을 바라볼 수 있도록 도와줍니다. 여러분께서도 이 작품을 통해 새로운 아이디어를 발견하고, 자신만의 창의적 사고를 발휘해 보실 수 있을 것입니다. 그럼, 이 작품을 통해 어떤 새로운 아이디어를 발견하시게 될지 한번 상상해 보시는 건 어떨까요?"
"RAG",15,"Echo",2,234,6338,502,7074,90,"안녕하세요, 저희의 작품 'Echo'를 소개해드리겠습니다. 'Echo'는 사용자에게 다양한 관점을 제공하는 사고 확장형 AI 플랫폼으로, 비판적 사고와 창의적 사고를 촉진하는데 주력한 작품입니다.  이 작품은 단순히 정답을 제시하는 것이 아닌, 여러 AI 아바타들이 서로 다른 관점에서 의견을 제시하고 사용자가 이를 비교·해석할 수 있는 구조를 갖추고 있습니다. 이를 통해 사용자는 다양한 시각을 경험하고 포용적인 사고를 발전시킬 수 있습니다. 사용자의 인지 구조와 문제 해결 방식을 확장시키는 과정에 기여하여, 단순 정보 습득을 넘어 사고를 확장시키는데 도움을 줍니다.  유사 작품인 '해양천체관측소'의 'Codename: Peace Maker'처럼 사회성 향상을 위한 교육적 측면과 'Trouble Shooting'의 '너의 목소리가 보여'처럼 현실적인 문제 해결을 위한 AI 기술을 활용하는 작품과 연관성이 있습니다. 'Echo'는 사용자의 창의적 사고력과 문제 해결 능력을 향상시키는 것을 목표로 하며, AI를 활용해 사회적 가치를 창출하는 방향으로 발전하고 있습니다.  이 작품을 통해 여러분은 어떻게 AI를 활용하여 창의적인 사고를 촉진할 수 있는지에 대해 생각해보실 수 있을 것입니다. 그러면, 여러분은 AI를 어떤 방식으로 활용하고 싶으신가요? 함께 고민해보시면 더욱 흥미로운 아이디어가 나올 수 있을 것입니다. 감사합니다."
"PROMPT_ONLY",15,"Echo",3,0,6474,599,7073,95,"안녕하세요, 여러분! 저희의 다음 작품은 사용자에게 다양한 관점을 제공하는 사고 확장형 AI 플랫폼의 필요성에서 영감을 받아 개발된 작품입니다. 이 작품은 정답을 추구하는 것이 아닌, 비판적 사고와 창의적 사고를 촉진할 수 있는 방안을 모색하고자 합니다.  이 작품은 각기 다른 관점에서 질문을 해석하고 대화하는 토론형 AI 시스템의 구축 사례를 보여줍니다. 사용자들이 다양한 의견을 제시하고 서로 다른 시각으로 사고하는 것을 도와주며, 새로운 아이디어를 도출할 수 있는 계기가 될 것입니다.  이 작품은 우리가 평소에 가지고 있는 사고 패턴을 깨고 새로운 시각을 발견하는데 도움을 줄 것입니다. 또한, 다양한 의견을 수용하고 토론을 통해 새로운 아이디어를 발전시키는 방법을 보여줄 것입니다.  이 작품을 통해 우리는 어떻게 다양한 의견을 수용하고 새로운 아이디어를 발전시킬 수 있는지 배울 수 있습니다. 그렇다면, 여러분은 어떤 관점에서 이 작품을 바라보시나요? 다양한 의견을 수용하고 새로운 아이디어를 발전시키는 것이 왜 중요한지 한번 고민해 보시겠어요? 함께 이 작품을 통해 더욱 창의적인 사고를 키워나가는 시간이 되길 바랍니다. 감사합니다."
"RAG",15,"Echo",3,246,9989,544,10779,95,"안녕하세요, 여러분! 오늘은 'Echo'라는 작품을 살펴보겠습니다. 이 작품은 Abora 팀이 2025기에 개발한 AI 플랫폼으로, 다양한 관점을 제공하여 비판적 사고와 창의적 사고를 촉진하는 목적을 가지고 있어요. 기존의 정답만을 추구하는 AI와는 달리, 여러 AI 아바타들이 서로 다른 관점에서 의견을 제시하고 사용자가 이를 비교·해석할 수 있는 구조를 제공합니다.  이 작품은 사용자의 사고를 확장시키고 창의적인 사고를 유도함으로써 사용자의 인지 구조와 문제 해결 방식을 발전시키는데 기여합니다. 또한, 사용자가 능동적으로 AI를 활용하고 자신의 생각을 확장할 수 있는 구조를 제공하여, 창의성과 협업 능력을 키울 수 있는 교육적 가치를 지니고 있습니다.  이 작품은 비판적 사고, 협업 능력, 창의적 사고를 훈련하는 데 적합하며, 다양한 아바타 간의 대화를 통해 사용자의 창의적 사고력과 문제 해결 능력을 향상시키는데 중점을 두고 있습니다. 또한, AI와의 협업을 통해 사고 흐름을 함께 구성하는 경험을 제공하여 AI 활용 역량을 향상시키며, 다중 아바타 간의 논의 구조, 페르소나 기반 응답 차별화, 3D+TTS 기반 인터랙션 등을 통해 고유한 사용자 경험을 제공합니다.  이 작품은 창의적인 환경에서 효과적으로 활용될 수 있으며, 사용자의 창의적 문제 해결 능력을 유도하고 보다 다각적인 아이디어 도출을 가능하게 만들어줍니다. 이런 작품에 대해 궁금한 점이 있으신가요? 어떤 관점에서 AI를 활용하여 문제를 해결하는 것이 가장 흥미로우신가요? 함께 논의해보시죠!"
"PROMPT_ONLY",15,"Echo",4,0,5919,461,6380,90,"안녕하세요, 여러분. 이번에 소개해 드릴 작품은 '사고 확장형 AI 플랫폼'을 소개하는 작품입니다. 이 작품은 사용자에게 다양한 관점을 제공하여 사고를 확장시키는데 초점을 맞추고 있어요.  이 작품은 정답을 찾는 것에만 집중하는 것이 아니라, 비판적 사고와 창의적 사고를 촉진하는 방안을 모색하고자 개발된 AI 활용 사례입니다. 일상적인 사고 패턴을 벗어나 새로운 아이디어를 도출하고자 하는 노력이 묻어나는 작품이죠.  작품은 각기 다른 관점에서 질문을 해석하고 대화하는 토론형 AI 시스템의 구축 사례를 다루고 있습니다. 이를 통해 사용자들이 단순히 정보를 얻는 것을 넘어, 자신의 사고를 확장시키고 새로운 시각을 경험할 수 있도록 돕는 것이 이 작품의 큰 장점이에요.  사고를 확장시키는 것은 우리의 세계를 더욱 넓게 바라볼 수 있는 기회를 제공합니다. 이 작품을 통해 어떤 새로운 관점을 얻게 되는지, 어떤 새로운 아이디어가 떠오르는지 한번 상상해 보세요. 여러분이 이 작품을 통해 새로운 영감을 받고 미래에 대한 다양한 가능성을 열어보실 수 있을 거예요.  지금까지 '사고 확장형 AI 플랫폼'을 소개해 드렸습니다. 이 작품이 여러분에게 어떤 영감을 주었는지, 어떤 새로운 아이디어를 떠올리게 되었는지 궁금하네요. 함께 공유해 보시겠어요? 감사합니다."
"RAG",15,"Echo",4,326,7319,583,8228,90,"안녕하세요, 여러분! 오늘은 '메타버스 아카데미 수료작품 전시회'에서 Abora 팀의 2025기 작품인 'Echo'를 소개해드리겠습니다.  'Echo'는 사용자에게 다양한 관점을 제공하는 사고 확장형 AI 플랫폼의 필요성에서 출발한 작품으로, 비판적 사고와 창의적 사고를 촉진하는 것을 목표로 합니다. 기존의 정답 중심적인 AI 방식을 벗어나 여러 AI 아바타들이 다른 관점에서 의견을 제시하고 사용자와 대화하는 토론형 AI 시스템을 구축한 사례입니다.  이 작품은 AI를 통해 사용자의 사고를 확장시키고 창의적이며 비판적인 사고를 촉진하는 데 주력하고 있습니다. 사용자는 여러 성향을 지닌 AI 아바타들과 대화를 통해 다양한 시각을 체험하고 포용적인 사고를 발전시킬 수 있습니다. 이를 통해 사용자의 인지 구조와 문제 해결 방식을 확장시켜주는 중요한 역할을 합니다.  유사 작품으로는 '해양천체관측소' 팀의 'Codename: Peace Maker' 작품이 있습니다. 이 작품 역시 AI를 활용하여 아동의 사회성 향상을 위한 교육용 게이미피케이션 서비스를 제공하는데, 사용자가 상대방의 이야기를 듣고 이해하는 연습을 할 수 있도록 도와줍니다.  'Echo'와 'Codename: Peace Maker' 모두 사용자의 사고를 확장시키고 창의적이며 비판적인 사고를 유도하는 측면에서 유사한 목표를 가지고 있습니다.  마지막으로, 여러분에게 질문을 드릴게요. 여러분은 자신의 생각을 넓히고 창의적으로 문제를 해결하는 데 어떤 방식을 사용하시나요? 'Echo'와 같은 AI 플랫폼이 여러분의 사고를 어떻게 더 발전시킬 수 있을지 고민해보시면 좋을 것 같습니다. 감사합니다!"
"PROMPT_ONLY",15,"Echo",5,0,5298,536,5834,92,"안녕하세요, 여러분! 이번 전시회에서 소개해드릴 작품은 '사고 확장형 AI 플랫폼'을 활용한 창의적인 사고를 촉진하는 작품입니다. 이 작품은 사용자에게 다양한 관점을 제공하여, 정답에 얽매이지 않고 비판적 사고와 창의적 사고를 유도하는 것을 목표로 개발되었습니다.  이 작품은 기존의 정답 추구 방식을 벗어나서, 사용자들이 다양한 관점에서 질문을 제기하고 대화하며 새로운 아이디어를 탐구할 수 있는 토론형 AI 시스템을 소개합니다. 사용자들은 이 AI 플랫폼을 통해 다양한 관점과 의견을 듣고, 자신의 사고를 확장시키며 창의적으로 생각할 수 있습니다.  이 작품은 우리가 평소에 생각하지 못했던 새로운 아이디어를 발굴하고, 다양성을 인정하며 존중하는 사고 방식을 장려합니다. 또한, 토론을 통해 서로 다른 의견을 존중하고 토의함으로써 새로운 시각을 얻을 수 있는 기회를 제공합니다.  이 작품을 통해 여러분은 어떤 새로운 관점을 발견할지, 혹은 어떤 새로운 아이디어를 도출할 수 있을지 고민해보시면 어떨까요? 우리는 항상 새로운 시각과 아이디어를 환영하며, 이를 통해 더욱 풍요로운 사고를 할 수 있습니다. 그럼, 이번 작품을 통해 여러분의 창의적 사고가 어떻게 발전하는지 함께 확인해보시죠! 감사합니다."
"RAG",15,"Echo",5,260,7570,490,8320,97,"안녕하세요, 여러분! 오늘은 '메타버스 아카데미 수료작품 전시회'에서 만나게 되어 반가워요. 저희가 함께 살펴볼 작품은 'Echo'입니다. 이 작품은 Abora 팀이 2025기에 개발한 AI 플랫폼으로, 사용자에게 다양한 관점을 제공하고 사고를 확장시키는 것을 목표로 합니다.  'Echo'는 기존의 정답 중심 AI 방식을 벗어나, 비판적 사고와 창의적 사고를 촉진하는 방안을 제시합니다. 이 작품은 각기 다른 AI 아바타들이 서로 다른 관점에서 의견을 제시하고 사용자와 대화하며 포용적인 사고를 촉진하는 토론형 AI 시스템을 구축한 사례입니다.  이 작품은 사용자가 다양한 시각을 경험하고 포용적인 사고를 발전시키는 데 도움을 주며, 단순히 정보를 소비하는 것을 넘어 사용자의 인지 구조와 문제 해결 방식을 확장시키는데 기여합니다. 또한, AI 아바타들과의 대화를 통해 사용자의 창의적 사고력과 문제 해결 능력을 향상시키는 것이 특징입니다.  유사한 작품으로는 'Codename: Peace Maker'와 'PLANTI'가 있습니다. 'Peace Maker'는 아동의 사회성 향상을 위한 교육용 게이미피케이션 서비스를 제공하고, 'PLANTI'는 AI와 IoT가 융합된 스마트팜 시스템을 개발하여 지능형 생활환경을 구현하는 작품입니다.  이러한 작품들은 사용자의 사고를 확장시키고 창의적인 해결책을 모색하는 데 도움을 줍니다. 그렇다면 여러분은 어떤 관점이 중요하다고 생각하시나요? 작품을 통해 새로운 시각을 얻거나 다양한 아이디어를 발전시키는 데 어떤 역할을 할 수 있을지 한번 고민해보시면 좋겠죠. 함께 토론해보면 더 풍부한 아이디어가 나올 수 있을 텐데요. 감사합니다!"
"PROMPT_ONLY",18,"PLANTI",1,0,5556,510,6066,90,"여러분, 반갑습니다! 이번에 소개해 드릴 작품은 세종시의 녹색 미래를 그리는 AI융합 스마트팜 'Planti'입니다.  'Planti'는 세종시의 자연 친화적 스마트 시티 비전과 AI 기술을 결합하여, 개인 가정에서 손쉽게 운영할 수 있는 스마트팜 시스템을 개발하는 것을 목표로 하고 있어요. 이 작품은 AI와 IoT 기술이 융합된 대표적인 생활 속 사례로, 우리 주변에서 확산될 수 있는 기술적 가능성을 엿볼 수 있습니다.  'Planti'는 다양한 센서와 자동화 기능을 통해 최적의 재배 환경을 제공합니다. 이를 통해 개인들이 손쉽게 작물을 재배하고 효율적으로 관리할 수 있죠. 뿐만 아니라, 이러한 스마트팜 기술은 미래 스마트시티가 지향하는 지능형 생활환경을 구현하는 중요한 발판이 될 것으로 기대됩니다.  'Planti'는 우리의 녹색 미래를 위해 혁신적인 기술을 활용하여 지속 가능한 농업을 실현하는 데 중요한 역할을 할 것입니다. 이 작품을 통해 우리는 어떻게 더 지속 가능하고 스마트한 미래를 만들어 갈 수 있는지 생각해 볼 수 있습니다.  그럼, 여러분들은 이 'Planti'를 통해 어떤 미래를 상상하시나요? 미래의 스마트팜이 우리 삶에 미치는 영향에 대해 한번 고민해 보시면 더 흥미로운 시선을 발견할 수 있을 거예요. 즐거운 전시 관람 되세요!"
"RAG",18,"PLANTI",1,277,11775,1185,13237,85,"안녕하세요, 여러분! 오늘은 '너울' 팀이 개발한 작품 'PLANTI'를 살펴보겠습니다.   'PLANTI'는 세종시의 녹색 미래를 그리는 AI융합 스마트팜으로, 세종시의 자연 친화적 스마트 시티 비전과 AI기술을 결합하여, 개인 가정에서 손쉽게 운영할 수 있는 스마트팜 시스템을 개발하는 것을 목표로 합니다. 이 작품은 AI와 IoT 기술을 활용하여 최적의 재배 환경을 제공하고, 미래형 스마트 농업 정책의 실현에 기여하고자 합니다.  'PLANTI' 프로젝트는 Vision, Text, Generative의 3가지 AI 기술을 융합하여 단순 재배를 넘어선 차별화된 솔루션을 제공합니다. YOLO 기반의 정밀한 병해 진단과 GPT의 실시간 맞춤형 조언은 초보자에게도 전문적인 관리 경험을 보장하며, 식물을 AI 아트로 변환하는 기능은 사용자에게 독특한 예술적 경험을 선사합니다.  이 작품은 스마트 팜 시스템을 통해 사용자에게 최적의 환경을 제공하고, AI 기술을 활용하여 반려 식물과의 교감을 강화하는 독특한 경험을 제공합니다. 또한, 사용자의 개인 설정에 따라 맞춤형 관리와 예술 경험을 제공하여 사용자들에게 즐거운 스마트 농업 환경을 제공합니다.  유사한 작품으로는 음성 및 영상 변조 사기를 방지하는 딥보이스 탐지 모바일 서비스나 아동의 사회성 향상을 위한 교육용 게이미피케이션 서비스 등이 있습니다.  이 작품이 세종시의 녹색 미래와 스마트 시티 비전을 실현하는 데 어떤 역할을 할 수 있을지 궁금하시지 않으신가요? 'PLANTI'가 농업과 AI 기술이 만난 독특한 경험을 제공하는 방식에 대해 어떻게 생각하시나요? 함께 고민해보며 이 작품이 주는 메시지를 느껴보시기 바랍니다. 감사합니다!"
"PROMPT_ONLY",18,"PLANTI",2,0,6141,447,6588,92,"안녕하세요, 여러분! 이번에 소개해드릴 작품은 세종시의 녹색 미래를 그리는 AI 융합 스마트팜 'Planti'입니다. 이 작품은 세종시의 자연 친화적 스마트 시티 비전과 AI 기술을 결합하여, 개인 가정에서 손쉽게 운영할 수 있는 스마트팜 시스템을 개발하는 것을 목표로 합니다.  'Planti'는 AI와 IoT 기술이 융합된 대표적인 생활 속 사례로, 우리 주변에서도 쉽게 접할 수 있는 기술이 될 것입니다. 이 작품은 다양한 센서와 자동화 기능을 활용하여 최적의 재배 환경을 제공함으로써, 농작물 생산에 혁신을 가져옵니다. 더 나아가 'Planti'는 스마트시티가 지향하는 지능형 생활환경을 실현하는 중요한 발판이 될 것으로 기대됩니다.  이 작품은 우리의 미래를 위해 중요한 기술적 발전을 이끌어내고, 환경 친화적인 농업 방식을 지원하여 지속가능한 발전을 모색하고 있습니다. 'Planti'는 우리가 먹는 음식물의 안전성과 생산량 향상에 기여할 뿐만 아니라, 스마트 시티의 발전에도 큰 도움을 줄 것입니다.  이 작품을 통해 우리는 어떻게 더 지능적이고 친환경적인 미래를 준비할 수 있을까요? 어떤 방식으로 우리의 생활이 변화할지 상상해보시면 좋을 것 같습니다. 'Planti'와 같은 기술의 발전이 우리의 삶에 미치는 영향을 생각해보시면서, 더 나은 미래를 위한 가능성을 고민해보시기 바랍니다. 감사합니다!"
"RAG",18,"PLANTI",2,321,10480,618,11419,90,"안녕하세요, 여러분! 오늘은 '너울' 팀의 작품인 PLANTI를 살펴보겠습니다. PLANTI는 세종시의 녹색 미래를 그리는 AI융합 스마트팜으로, 세종시의 자연 친화적 스마트 시티 비전과 AI기술을 결합하여, 개인 가정에서 손쉽게 운영할 수 있는 스마트팜 시스템을 개발하는 것을 목표로 합니다.  이 작품은 AI와 IoT 기술을 활용하여 최적의 재배 환경을 제공하고, 스마트시티가 추구하는 지능형 생활환경을 실현하는 중요한 발판이 될 것으로 기대됩니다. PLANTI는 Vision, Text, Generative의 3가지 AI 기술을 융합하여 단순 재배를 넘어선 차별화된 솔루션을 제공합니다. YOLO 기반의 정밀한 병해 진단과 GPT의 실시간 맞춤형 조언은 초보자에게도 전문적인 관리 경험을 보장하며, 식물을 AI 아트로 변환하는 기능은 사용자에게 세상에 하나뿐인 예술적 경험을 선사합니다.  PLANTI는 사용자에게 맞춤형 재배 가이드를 제공하고, AI 아트 생성 기능과 커뮤니티 기능을 통해 사용자와 식물과의 교감을 시각적이고 감성적인 경험으로 확장시킵니다. 이를 통해 사용자 경험의 혁신을 통해 새로운 가치를 창출하고, 녹색 스마트 시티 이미지의 구체화에 기여하는 중요한 역할을 합니다.  유사한 맥락으로는 Trouble Shooting 팀의 '너의 목소리가 보여'와 해양천체관측소 팀의 'Codename: Peace Maker' 작품이 있습니다. 이들 작품도 AI 기술을 활용하여 현재 사회적 문제를 해결하고, 사용자 경험을 혁신하는 측면에서 PLANTI와 유사한 가치를 추구합니다.  그렇다면, 여러분은 자신의 가정에서 손쉽게 식물을 재배하면서, AI 기술과의 상호작용으로 어떤 새로운 경험을 할 수 있을지 상상해보시겠어요? PLANTI를 통해 자연을 더 가깝게 느끼며, 독보적인 예술적 경험을 즐길 수 있는 가능성에 대해 한번 생각해보세요! 혹시 여러분이 직접 PLANTI를 이용한다면, 어떤 측면이 가장 흥미로우셨나요? 공유해주시면 더욱 흥미로운 대화가 될 것 같습니다! 감사합니다."
"PROMPT_ONLY",18,"PLANTI",3,0,7187,572,7759,90,"지금 이 작품은 세종시의 녹색 미래를 그리는 AI융합 스마트팜 'Planti'를 소개하고 있어요. Planti는 세종시의 자연 친화적 스마트 시티 비전과 AI기술을 결합하여, 개인 가정에서 손쉽게 운영할 수 있는 스마트팜 시스템을 개발하는 것을 목표로 하고 있어요.  이 작품은 기술적 측면에서 AI와 IoT가 융합된 대표적인 생활 속 사례로 확산될 수 있는 가능성을 제시하고 있어요. 다양한 센서와 자동화 기능을 활용해 최적의 재배 환경을 제공하며, 이를 통해 스마트시티가 지향하는 지능형 생활환경을 실현하는 중요한 발판이 될 것으로 기대되고 있어요.  Planti는 개인 가정에서 손쉽게 식물을 재배하고 관리할 수 있는 스마트팜 시스템으로, 미래의 도시에서는 이런 스마트한 기술이 더욱 중요해질 것이라고 생각되어요. 세종시의 녹색 미래를 상상하며, AI와 IoT가 어떻게 우리 삶에 녹아들고 있는지 한번 생각해보시는 건 어떨까요?  이 작품을 통해 우리는 미래 도시에서의 지능형 농업과 생활환경에 대한 새로운 시각을 얻을 수 있습니다. Planti는 우리의 삶을 편리하고 지속 가능하게 만들어주는 기술 중 하나일지도 모르겠어요. 그렇죠, 미래에는 우리 주변이 어떻게 변화할지, 어떤 새로운 기술이 우리 삶에 더 많은 변화를 가져다 줄지 상상해보시는 건 어떨까요? 혹시 당신이 직접 가정에서 스마트팜을 운영해보고 싶다면, 어떤 작물을 재배해보고 싶으신가요? 함께 상상해봐요!"
"RAG",18,"PLANTI",3,249,6809,630,7688,85,"안녕하세요, 여러분. 저희의 작품 'PLANTI'는 세종시의 녹색 미래를 그리는 AI융합 스마트팜으로, 세종시의 자연 친화적 스마트 시티 비전과 AI기술을 결합하여, 개인 가정에서 손쉽게 운영할 수 있는 스마트팜 시스템을 개발하는 것을 목표로 합니다.   이 작품은 다양한 센서와 자동화 기능을 통해 최적의 재배 환경을 제공하고, 스마트시티가 지향하는 지능형 생활환경을 구현하는 중요한 발판이 될 것으로 기대됩니다. 특히 AI와 IoT가 융합된 대표적인 생활 속 사례로 확산될 수 있는 잠재력을 지니고 있습니다.  'PLANTI' 프로젝트는 AI와 IoT 기술을 활용하여 사용자에게 맞춤형 재배 가이드를 제공하고, AI 아트 생성 기능을 통해 식물과의 교감을 시각적이고 감성적인 경험으로 확장시킵니다. 이를 통해 사용자들은 식물을 키우는 과정에서 정서적 안정감을 느끼며, 자연을 체험할 수 있습니다.  유사 작품들과 비교해보면, 'PLANTI'는 사용자 경험의 혁신을 통해 새로운 가치를 창출하고, AI 기술을 활용하여 식물의 성장과 질병 진단을 정밀하게 지원합니다. 또한, 녹색 스마트 시티 이미지의 구체화를 통해 사용자들의 삶 속에서 자연을 체험할 수 있는 효과적인 수단이 될 것입니다.  이러한 'PLANTI'의 다양한 장점과 혁신적인 기술력을 통해, 우리는 어떻게 더 똑똑하게 자연을 경험하고 즐길 수 있을지 생각해보시면 좋을 것 같습니다. 혹은 이런 스마트팜 시스템이 미래 도시 생활에 어떤 영향을 미칠지 상상해보시는 것도 재미있을 것입니다. 함께 'PLANTI'의 세계로 빠져들어 보시면 어떨까요? 감사합니다."
"PROMPT_ONLY",18,"PLANTI",4,0,6965,1014,7979,95,"안녕하세요, 여러분! 이 작품은 세종시의 녹색 미래를 상상하며 탄생한 AI융합 스마트팜 'Planti'를 소개합니다.  'Planti'는 세종시의 자연 친화적 스마트 시티 비전과 AI 기술을 결합하여, 개인 가정에서 손쉽게 운영할 수 있는 스마트팜 시스템을 개발하는 것을 목표로 합니다. 이 작품은 기술적으로 AI와 IoT가 융합된 대표적인 사례로, 우리 생활 속에 어떤 혁신을 가져올지 기대되는 작품입니다.  'Planti'는 다양한 센서와 자동화 기능을 통해 최적의 재배 환경을 제공합니다. 이를 통해 더 많은 사람들이 손쉽게 작물을 재배하고 농업을 경험할 수 있게 될 것입니다. 뿐만 아니라, 이러한 스마트팜 시스템은 스마트시티가 지향하는 지능형 생활환경을 실현하는 중요한 발판이 될 것으로 기대됩니다.  이 작품은 우리가 미래에 더 지속 가능하고 더 스마트한 도시를 만들기 위해 어떤 기술과 상상력을 활용할 수 있는지 보여주는 좋은 예시입니다. 여러분은 이 'Planti'를 통해 미래의 농업과 도시 생활이 어떻게 연결되어 발전해 나갈지 상상해 볼 수 있습니다.  그럼, 이 작품을 보고 계신 여러분들께 질문을 드릴게요. 만약 당신이 자신의 집에서 손쉽게 작물을 재배할 수 있는 'Planti'와 같은 시스템을 가지고 있다면, 어떤 작물을 가꾸고 싶으신가요? 또 어떤 방식으로 이를 활용하고 싶으신가요? 여러분의 상상력이 어떤 미래를 열어나갈지, 함께 상상해 봅시다! 감사합니다."
"RAG",18,"PLANTI",4,294,6184,647,7125,90,"안녕하세요, 여러분! 저희는 2025기 팀 '너울'에서 개발한 작품 'PLANTI'를 소개해드리겠습니다.  'PLANTI'는 세종시의 녹색 미래를 그리는 AI융합 스마트팜으로, 세종시의 자연 친화적 스마트 시티 비전과 AI기술을 결합하여, 개인 가정에서 손쉽게 운영할 수 있는 스마트팜 시스템을 개발하는 것을 목표로 합니다. 이 작품은 AI와 IoT 기술을 활용하여 최적의 재배 환경을 제공하고, 스마트시티가 지향하는 지능형 생활환경을 구현하는 중요한 발판이 될 것으로 기대됩니다.  'PLANTI'는 Vision, Text, Generative의 3가지 AI 기술을 융합하여 단순한 재배를 넘어선 차별화된 솔루션을 제공합니다. YOLO 기반의 정밀한 병해 진단과 GPT의 실시간 맞춤형 조언은 초보자에게도 전문적인 관리 경험을 보장하며, 식물을 AI 아트로 변환하는 기능은 사용자에게 세상에 하나뿐인 예술적 경험을 선사합니다.  이처럼 'PLANTI'는 기술적 완성도뿐만 아니라 사용자 경험의 혁신을 통해 새로운 가치를 창출합니다. 사용자들은 Vision AI를 통해 식물의 생장 단계와 질병 유무를 정밀하게 진단받을 수 있으며, AI 아트로 변환된 식물 사진을 소장함으로써 특별한 경험을 즐길 수 있습니다.  유사한 맥락으로는 다른 팀들이 개발한 딥보이스 탐지 서비스나 아동의 사회성 향상을 위한 교육용 게이미피케이션 서비스 등이 있습니다. 이러한 작품들과 'PLANTI'는 각자의 독특한 방식으로 AI 기술을 활용하여 사회적 문제나 교육적 가치를 제고하고자 노력하고 있습니다.  지금까지 'PLANTI'에 대한 간략한 소개였습니다. 이 작품이 세종시의 스마트 시티 비전을 더욱 발전시키고, 사용자들에게 새로운 경험과 가치를 제공할 것이라 기대됩니다. 이 작품이 세종시 뿐만 아니라 미래의 스마트 농업 분야에서 어떤 영향을 미칠지, 여러분은 어떻게 생각하시나요? 이 작품이 여러분에게 미래의 삶에 대해 어떤 영감을 주는지, 함께 이야기해보시겠어요? 감사합니다!"
"PROMPT_ONLY",18,"PLANTI",5,0,4703,546,5249,92,"여러분, 안녕하세요! 이번 전시회에서 소개해드릴 작품은 'Planti'입니다.   'Planti'는 세종시의 녹색 미래를 그리는 AI 융합 스마트팜으로, 세종시의 자연 친화적 스마트 시티 비전과 AI 기술을 결합하여, 개인 가정에서 손쉽게 운영할 수 있는 스마트팜 시스템을 개발하는 것을 목표로 하고 있어요.  이 작품은 기술적 측면에서 AI와 IoT가 융합된 대표적인 생활 속 사례로, 우리 일상에 확산될 수 있는 가능성을 보여주고 있어요. 다양한 센서와 자동화 기능을 통해 최적의 재배 환경을 제공하며, 미래에는 스마트시티가 지향하는 지능형 생활환경을 실현하는 중요한 발판이 될 것으로 기대되고 있어요.  'Planti'는 우리의 미래를 상상케 하는 작품으로, 우리 주변의 환경과 기술이 어떻게 상호작용하여 더 나은 미래를 창조할 수 있는지 생각해보게 합니다.   그렇죠, 여러분도 이 'Planti' 작품을 관람하면서 미래의 농업과 스마트시티에 대해 어떤 생각이 드는지 궁금하지 않으세요? 이 작품이 우리에게 더 나은 미래를 상상하게 하는 계기가 될 수 있을 거예요. 함께 이야기를 나누어 보는 건 어떨까요?"
"RAG",18,"PLANTI",5,356,10120,1475,11951,96,"안녕하세요, 여러분! '메타버스 아카데미 수료작품 전시회'에 오신 것을 환영합니다. 오늘 소개해드릴 작품은 2025기 팀 '너울'의 작품인 'PLANTI'입니다.  'PLANTI'는 세종시의 녹색 미래를 그리는 AI융합 스마트팜으로, 세종시의 자연 친화적 스마트 시티 비전과 AI기술을 결합하여, 개인 가정에서 손쉽게 운영할 수 있는 스마트팜 시스템을 개발하는 것을 목표로 합니다. 이 작품은 AI와 IoT가 융합된 대표적인 생활 속 사례로, 최적의 재배 환경을 제공하고, 스마트시티가 지향하는 지능형 생활환경을 구현하는 중요한 발판이 될 것으로 기대됩니다.  'PLANTI'의 특장점은 AI와 IoT 기술을 융합하여 사용자에게 맞춤형 재배 가이드를 제공한다는 점입니다. YOLO 기반의 정밀한 병해 진단과 GPT의 실시간 맞춤형 조언은 초보자에게도 전문적인 관리 경험을 제공하며, 식물을 AI 아트로 변환하는 기능은 사용자에게 예술적 경험을 선사합니다.  이 작품은 단순한 환경 제어를 넘어 사용자에게 차별화된 서비스를 제공하는데, Vision, Text, Generative의 3가지 AI 기술을 융합하여 사용자 경험의 혁신을 이끌어냅니다. 또한, 세종시의 스마트 농업 정책에도 기여하며, 사용자에게는 식물을 키우는 즐거움과 학습의 기회를 제공합니다.  이 작품과 유사한 'Trouble Shooting'팀의 '너의 목소리가 보여'와 '해양천체관측소'팀의 'Codename: Peace Maker'는 각각 딥보이스 탐지와 아동의 사회성 향상을 위한 AI 서비스를 제공하는데 중점을 두고 있습니다.  여러분, 'PLANTI'를 통해 자연을 경험하고 스마트한 농업을 체험해보세요! 이 작품이 세종시의 녹색 미래를 이끄는 중요한 역할을 할 수 있을까요? 혹시 여러분이 가정에서 식물을 키우는 것을 좋아하시나요? 어떤 기술적인 요소가 여러분에게 더 흥미로울까요? 이런 궁금증을 가지고 작품을 더 자세히 관찰해보세요! 감사합니다."
